0.000000000000000000e+00 -1.435092028884874527e-01
2.189530000000000024e-05 -1.513492028884875218e-01
4.379050000000000027e-05 -1.630092028884875255e-01
6.568579999999999374e-05 -1.523392028884875682e-01
8.758100000000000054e-05 -1.593292028884873979e-01
1.094759999999999933e-04 -1.928692028884875231e-01
1.313719999999999884e-04 -2.141092028884874487e-01
1.532670000000000083e-04 -2.054192028884875842e-01
1.751620000000000011e-04 -1.792392028884874922e-01
1.970569999999999939e-04 -1.473492028884875182e-01
2.189530000000000024e-04 -1.060392028884875604e-01
2.408479999999999953e-04 -7.420920288848753543e-02
2.627430000000000152e-04 -7.547920288848741777e-02
2.846379999999999809e-04 -9.773920288848758631e-02
3.065340000000000165e-04 -1.100192028884874329e-01
3.284289999999999822e-04 -1.082392028884875401e-01
3.503240000000000022e-04 -1.117292028884875332e-01
3.722190000000000221e-04 -1.060092028884875859e-01
3.941150000000000035e-04 -7.754920288848743404e-02
4.160100000000000234e-04 -5.411920288848737215e-02
4.379049999999999891e-04 -6.481920288848752598e-02
4.598000000000000091e-04 -1.130992028884874046e-01
4.816959999999999905e-04 -1.690492028884875708e-01
5.035909999999999562e-04 -1.854992028884874244e-01
5.254860000000000303e-04 -1.647992028884874838e-01
5.473809999999999960e-04 -1.438592028884875251e-01
5.692769999999999775e-04 -1.252592028884875752e-01
5.911720000000000516e-04 -1.039792028884873876e-01
6.130670000000000173e-04 -9.863920288848748719e-02
6.349619999999999830e-04 -1.154692028884873878e-01
6.568579999999999645e-04 -1.341792028884873922e-01
6.787530000000000386e-04 -1.307592028884874136e-01
7.006480000000000043e-04 -1.118792028884874057e-01
7.225429999999999700e-04 -1.084292028884874526e-01
7.444389999999999515e-04 -1.321792028884873904e-01
7.663340000000000256e-04 -1.651992028884874397e-01
7.882289999999999913e-04 -1.781892028884874968e-01
8.101239999999999570e-04 -1.625392028884875550e-01
8.320200000000000469e-04 -1.516492028884874887e-01
8.539150000000000126e-04 -1.596492028884874959e-01
8.758099999999999783e-04 -1.547092028884875514e-01
8.977050000000000524e-04 -1.426892028884874097e-01
9.196010000000000338e-04 -1.556592028884875578e-01
9.414959999999999996e-04 -1.786792028884873762e-01
9.633909999999999653e-04 -1.789392028884875252e-01
9.852859999999999310e-04 -1.551392028884874819e-01
1.007180000000000098e-03 -1.323492028884873939e-01
1.029079999999999925e-03 -1.277992028884875619e-01
1.050970000000000029e-03 -1.359092028884874015e-01
1.072870000000000074e-03 -1.494992028884873925e-01
1.094759999999999961e-03 -1.628592028884874310e-01
1.116660000000000005e-03 -1.602292028884875208e-01
1.138549999999999892e-03 -1.412292028884873929e-01
1.160449999999999936e-03 -1.174692028884873896e-01
1.182340000000000040e-03 -1.009792028884874959e-01
1.204240000000000085e-03 -1.107292028884874213e-01
1.226129999999999972e-03 -1.253392028884874332e-01
1.248030000000000016e-03 -1.150292028884873918e-01
1.269919999999999903e-03 -9.129920288848758503e-02
1.291819999999999947e-03 -5.576920288848752350e-02
1.313719999999999992e-03 -5.892028884875166739e-04
1.335610000000000096e-03 4.820079711151237234e-02
1.357509999999999923e-03 6.651079711151242080e-02
1.379400000000000027e-03 8.003079711151261932e-02
1.401300000000000072e-03 1.172307971115125191e-01
1.423189999999999959e-03 1.556407971115123523e-01
1.445090000000000003e-03 1.655407971115123722e-01
1.466980000000000107e-03 1.772407971115126379e-01
1.488879999999999934e-03 2.191907971115125697e-01
1.510770000000000038e-03 2.520507971115124590e-01
1.532670000000000083e-03 2.409907971115123893e-01
1.554559999999999970e-03 2.113207971115125261e-01
1.576460000000000014e-03 1.868707971115126654e-01
1.598349999999999901e-03 1.586207971115123350e-01
1.620249999999999945e-03 1.389607971115123242e-01
1.642140000000000049e-03 1.367407971115124354e-01
1.664040000000000094e-03 1.251207971115126938e-01
1.685929999999999981e-03 9.729079711151245036e-02
1.707830000000000025e-03 8.026079711151234974e-02
1.729719999999999912e-03 8.403079711151262288e-02
1.751619999999999957e-03 8.323079711151271098e-02
1.773520000000000001e-03 6.158079711151254187e-02
1.795410000000000105e-03 4.271079711151237746e-02
1.817309999999999932e-03 5.475079711151265016e-02
1.839200000000000036e-03 8.587079711151268668e-02
1.861100000000000081e-03 1.004207971115125275e-01
1.882989999999999968e-03 8.875079711151245832e-02
1.904890000000000012e-03 7.554079711151251431e-02
1.926779999999999899e-03 7.609079711151256475e-02
1.948679999999999943e-03 8.004079711151268484e-02
1.970570000000000047e-03 7.235079711151248816e-02
1.992470000000000092e-03 5.622079711151251047e-02
2.014360000000000196e-03 4.401079711151245633e-02
2.036259999999999806e-03 4.688079711151260653e-02
2.058149999999999910e-03 6.752079711151237618e-02
2.080049999999999955e-03 8.454079711151241128e-02
2.101940000000000058e-03 8.496079711151249825e-02
2.123840000000000103e-03 8.513079711151272377e-02
2.145730000000000207e-03 9.169079711151262302e-02
2.167629999999999817e-03 9.215079711151252795e-02
2.189529999999999862e-03 8.059079711151273528e-02
2.211419999999999966e-03 6.516079711151245846e-02
2.233320000000000010e-03 7.161079711151252525e-02
2.255210000000000114e-03 1.123307971115123927e-01
2.277110000000000158e-03 1.601207971115123918e-01
2.298999999999999828e-03 1.826207971115123563e-01
2.320899999999999873e-03 1.783607971115124258e-01
2.342789999999999977e-03 1.639307971115124829e-01
2.364690000000000021e-03 1.381307971115126598e-01
2.386580000000000125e-03 1.030307971115123067e-01
2.408480000000000169e-03 8.396079711151260838e-02
2.430369999999999839e-03 7.230079711151260469e-02
2.452269999999999884e-03 5.088079711151261009e-02
2.474159999999999988e-03 3.893079711151248290e-02
2.496060000000000032e-03 5.385079711151252724e-02
2.517950000000000136e-03 7.182079711151256873e-02
2.539850000000000180e-03 7.083079711151274438e-02
2.561739999999999851e-03 7.252079711151271368e-02
2.583639999999999895e-03 7.922079711151264192e-02
2.605539999999999939e-03 5.936079711151265315e-02
2.627430000000000043e-03 2.452079711151267105e-02
2.649330000000000088e-03 8.030797111512555375e-03
2.671220000000000191e-03 5.660797111512572144e-03
2.693119999999999802e-03 1.780797111512466557e-03
2.715009999999999906e-03 -1.211920288848755689e-02
2.736909999999999950e-03 -3.102920288848753927e-02
2.758800000000000054e-03 -4.509920288848756620e-02
2.780700000000000099e-03 -4.752920288848749841e-02
2.802590000000000203e-03 -4.129920288848754062e-02
2.824489999999999813e-03 -3.659920288848739212e-02
2.846379999999999917e-03 -4.580920288848755462e-02
2.868279999999999962e-03 -5.695920288848754787e-02
2.890170000000000065e-03 -5.140920288848738195e-02
2.912070000000000110e-03 -4.721920288848746594e-02
2.933960000000000214e-03 -5.393920288848752520e-02
2.955859999999999824e-03 -6.751920288848745066e-02
2.977749999999999928e-03 -7.612920288848745720e-02
2.999649999999999973e-03 -1.037992028884875406e-01
3.021550000000000017e-03 -9.609920288848750047e-02
3.043440000000000121e-03 -7.137920288848742523e-02
3.065340000000000165e-03 -7.525920288848753081e-02
3.087229999999999835e-03 -6.635920288848740078e-02
3.109129999999999880e-03 -4.292920288848756094e-02
3.131019999999999984e-03 -6.779202888487656509e-03
3.152920000000000028e-03 2.058079711151261648e-02
3.174810000000000132e-03 1.650079711151253292e-02
3.196710000000000176e-03 1.409079711151273173e-02
3.218599999999999847e-03 3.099079711151242478e-02
3.240499999999999891e-03 2.833079711151231805e-02
3.262389999999999995e-03 -5.949202888487548080e-03
3.284290000000000039e-03 -4.095920288848753366e-02
3.306180000000000143e-03 -5.841920288848756471e-02
3.328080000000000187e-03 -5.684920288848749337e-02
3.349969999999999858e-03 -4.261920288848752847e-02
3.371869999999999902e-03 -2.091920288848747589e-02
3.393760000000000006e-03 -1.550920288848756101e-02
3.415660000000000050e-03 -4.325920288848750239e-02
3.437550000000000154e-03 -7.645920288848739865e-02
3.459450000000000199e-03 -8.069920288848742018e-02
3.481349999999999809e-03 -6.954920288848742693e-02
3.503239999999999913e-03 -7.870920288848748392e-02
3.525139999999999958e-03 -9.712920288848758688e-02
3.547030000000000061e-03 -9.145920288848752300e-02
3.568930000000000106e-03 -7.037920288848753536e-02
3.590820000000000210e-03 -7.412920288848745543e-02
3.612719999999999820e-03 -1.160592028884874782e-01
3.634609999999999924e-03 -1.620892028884874936e-01
3.656509999999999969e-03 -1.632192028884875690e-01
3.678400000000000072e-03 -1.409292028884874259e-01
3.700300000000000117e-03 -1.306092028884875411e-01
3.722189999999999787e-03 -1.136892028884874950e-01
3.744089999999999831e-03 -8.560920288848739013e-02
3.765979999999999935e-03 -6.949920288848754346e-02
3.787879999999999980e-03 -8.436920288848748228e-02
3.809770000000000083e-03 -1.308992028884874426e-01
3.831670000000000128e-03 -1.671892028884873760e-01
3.853559999999999798e-03 -1.528992028884874621e-01
3.875459999999999842e-03 -1.157692028884875768e-01
3.897349999999999946e-03 -1.028692028884874432e-01
3.919249999999999991e-03 -1.079592028884874821e-01
3.941150000000000035e-03 -1.032392028884874247e-01
3.963040000000000139e-03 -8.547920288848742665e-02
3.984940000000000183e-03 -7.300920288848744555e-02
4.006830000000000287e-03 -7.222920288848744264e-02
4.028730000000000332e-03 -7.189920288848750118e-02
4.050619999999999568e-03 -7.336920288848758354e-02
4.072519999999999613e-03 -7.745920288848751056e-02
4.094409999999999716e-03 -7.444920288848755341e-02
4.116309999999999761e-03 -7.013920288848751738e-02
4.138199999999999865e-03 -7.650920288848750417e-02
4.160099999999999909e-03 -8.386920288848753735e-02
4.181990000000000013e-03 -7.723920288848740157e-02
4.203890000000000057e-03 -5.974920288848739602e-02
4.225780000000000161e-03 -5.423920288848749216e-02
4.247680000000000206e-03 -7.914920288848747987e-02
4.269570000000000309e-03 -1.039192028884874386e-01
4.291470000000000354e-03 -9.025920288848743311e-02
4.313359999999999590e-03 -5.605920288848742494e-02
4.335259999999999635e-03 -3.509920288848755732e-02
4.357159999999999679e-03 -3.813920288848748896e-02
4.379049999999999783e-03 -5.041920288848755760e-02
4.400949999999999827e-03 -5.900920288848743311e-02
4.422839999999999931e-03 -5.769920288848751078e-02
4.444739999999999976e-03 -3.238920288848756712e-02
4.466630000000000079e-03 3.750797111512493842e-03
4.488530000000000124e-03 1.581079711151245348e-02
4.510420000000000228e-03 7.360797111512606961e-03
4.532320000000000272e-03 9.600797111512626714e-03
4.554210000000000376e-03 2.586079711151256788e-02
4.576110000000000420e-03 3.843079711151231592e-02
4.597999999999999657e-03 3.697079711151252113e-02
4.619899999999999701e-03 3.827079711151260000e-02
4.641789999999999805e-03 6.184079711151246883e-02
4.663689999999999850e-03 8.308079711151261648e-02
4.685579999999999953e-03 7.364079711151250152e-02
4.707479999999999998e-03 6.757079711151270374e-02
4.729370000000000102e-03 9.112079711151244155e-02
4.751270000000000146e-03 1.086807971115124616e-01
4.773170000000000190e-03 1.172507971115126502e-01
4.795060000000000294e-03 1.387507971115127248e-01
4.816960000000000339e-03 1.524907971115125882e-01
4.838849999999999575e-03 1.428007971115126118e-01
4.860749999999999620e-03 1.328607971115123298e-01
4.882639999999999723e-03 1.421607971115124158e-01
4.904539999999999768e-03 1.464107971115127249e-01
4.926429999999999872e-03 1.231907971115124845e-01
4.948329999999999916e-03 1.011207971115126725e-01
4.970220000000000020e-03 1.087607971115125416e-01
4.992120000000000064e-03 1.370607971115123114e-01
5.014010000000000168e-03 1.627007971115124185e-01
5.035910000000000213e-03 1.730707971115124089e-01
5.057800000000000316e-03 1.769707971115126455e-01
5.079700000000000361e-03 1.813607971115125395e-01
5.101589999999999597e-03 1.768807971115125000e-01
5.123489999999999642e-03 1.599707971115127414e-01
5.145379999999999746e-03 1.446007971115124136e-01
5.167279999999999790e-03 1.361507971115125670e-01
5.189169999999999894e-03 1.313507971115126516e-01
5.211069999999999938e-03 1.343007971115124377e-01
5.232969999999999983e-03 1.397907971115124326e-01
5.254860000000000086e-03 1.439707971115127272e-01
5.276760000000000131e-03 1.531207971115127187e-01
5.298650000000000235e-03 1.609007971115126168e-01
5.320550000000000279e-03 1.586207971115123350e-01
5.342440000000000383e-03 1.489407971115124241e-01
5.364340000000000427e-03 1.319707971115127165e-01
5.386229999999999664e-03 1.186907971115123139e-01
5.408129999999999708e-03 1.241407971115124909e-01
5.430019999999999812e-03 1.343107971115125032e-01
5.451919999999999857e-03 1.246107971115124613e-01
5.473809999999999960e-03 1.077207971115123897e-01
5.495710000000000005e-03 1.114807971115125973e-01
5.517600000000000109e-03 1.154407971115123388e-01
5.539500000000000153e-03 9.141079711151256504e-02
5.561390000000000257e-03 6.889079711151246954e-02
5.583290000000000301e-03 6.686079711151249327e-02
5.605180000000000405e-03 6.476079711151250251e-02
5.627079999999999582e-03 6.061079711151240446e-02
5.648979999999999627e-03 7.609079711151256475e-02
5.670869999999999730e-03 9.939079711151244112e-02
5.692769999999999775e-03 9.996079711151262259e-02
5.714659999999999879e-03 9.843079711151236921e-02
5.736559999999999923e-03 1.229007971115123610e-01
5.758450000000000027e-03 1.157507971115125933e-01
5.780350000000000071e-03 6.831079711151266665e-02
5.802240000000000175e-03 3.364079711151246599e-02
5.824140000000000220e-03 2.659079711151246528e-02
5.846030000000000323e-03 3.180079711151240218e-02
5.867930000000000368e-03 3.116079711151265030e-02
5.889819999999999604e-03 2.839079711151271113e-02
5.911719999999999649e-03 2.625079711151245832e-02
5.933609999999999753e-03 2.510079711151247395e-02
5.955509999999999797e-03 3.107079711151250478e-02
5.977399999999999901e-03 3.760079711151265158e-02
5.999299999999999945e-03 2.448079711151240900e-02
6.021190000000000049e-03 4.420797111512442257e-03
6.043090000000000094e-03 7.807971115125766914e-04
6.064980000000000197e-03 -6.229202888487606060e-03
6.086880000000000242e-03 -2.689920288848757224e-02
6.108780000000000286e-03 -6.222920288848743375e-02
6.130670000000000390e-03 -8.926920288848738672e-02
6.152569999999999567e-03 -1.127792028884875286e-01
6.174459999999999671e-03 -8.769920288848753742e-02
6.196359999999999715e-03 -4.042920288848739219e-02
6.218249999999999819e-03 -3.268920288848753408e-02
6.240149999999999864e-03 -4.606920288848748157e-02
6.262039999999999967e-03 -6.943920288848737243e-02
6.283940000000000012e-03 -7.195920288848745017e-02
6.305830000000000116e-03 -5.775920288848745976e-02
6.327730000000000160e-03 -6.401920288848739204e-02
6.349620000000000264e-03 -7.686920288848742011e-02
6.371520000000000308e-03 -6.872920288848738402e-02
6.393410000000000412e-03 -5.857920288848750268e-02
6.415309999999999589e-03 -6.990920288848756492e-02
6.437199999999999693e-03 -8.793920288848755540e-02
6.459099999999999737e-03 -9.074920288848753458e-02
6.480999999999999782e-03 -7.815920288848743347e-02
6.502889999999999886e-03 -5.716920288848736931e-02
6.524789999999999930e-03 -4.634920288848753955e-02
6.546680000000000034e-03 -7.262920288848739858e-02
6.568580000000000078e-03 -1.136492028884874550e-01
6.590470000000000182e-03 -1.400892028884874740e-01
6.612370000000000227e-03 -1.467392028884875188e-01
6.634260000000000330e-03 -1.349092028884875116e-01
6.656160000000000375e-03 -1.220492028884874181e-01
6.678049999999999611e-03 -9.752920288848754282e-02
6.699949999999999656e-03 -4.585920288848743809e-02
6.721839999999999760e-03 5.407971115123366701e-04
6.743739999999999804e-03 1.127079711151246499e-02
6.765629999999999908e-03 3.600797111512399340e-03
6.787529999999999952e-03 -6.549202888487481999e-03
6.809420000000000056e-03 -6.509202888487664040e-03
6.831320000000000101e-03 7.360797111512606961e-03
6.853210000000000204e-03 1.268079711151237632e-02
6.875110000000000249e-03 -1.409202888487559591e-03
6.897000000000000353e-03 -1.834920288848751468e-02
6.918900000000000397e-03 -3.437920288848750339e-02
6.940799999999999574e-03 -7.248920288848736959e-02
6.962689999999999678e-03 -1.382592028884874757e-01
6.984589999999999722e-03 -1.846792028884873815e-01
7.006479999999999826e-03 -1.710892028884873906e-01
7.028379999999999871e-03 -1.340792028884874032e-01
7.050269999999999974e-03 -1.270892028884875735e-01
7.072170000000000019e-03 -1.391892028884875732e-01
7.094060000000000123e-03 -1.291992028884874077e-01
7.115960000000000167e-03 -1.050692028884874230e-01
7.137850000000000271e-03 -1.028492028884875342e-01
7.159750000000000315e-03 -1.106392028884874978e-01
7.181640000000000419e-03 -1.027592028884873887e-01
7.203539999999999596e-03 -1.001092028884875695e-01
7.225429999999999700e-03 -1.177292028884875386e-01
7.247329999999999744e-03 -1.318092028884874090e-01
7.269219999999999848e-03 -1.309192028884875736e-01
7.291119999999999893e-03 -1.373092028884874694e-01
7.313009999999999997e-03 -1.549492028884875694e-01
7.334910000000000041e-03 -1.485292028884874771e-01
7.356800000000000145e-03 -1.092092028884874555e-01
7.378700000000000189e-03 -6.973920288848756144e-02
7.400600000000000234e-03 -6.219920288848745926e-02
7.422490000000000337e-03 -7.570920288848737023e-02
7.444390000000000382e-03 -7.357920288848740498e-02
7.466279999999999618e-03 -4.899920288848758076e-02
7.488179999999999663e-03 -2.915920288848750097e-02
7.510069999999999767e-03 -4.673920288848742999e-02
7.531969999999999811e-03 -8.624920288848758609e-02
7.553859999999999915e-03 -1.068392028884874723e-01
7.575759999999999959e-03 -1.069492028884875268e-01
7.597650000000000063e-03 -1.016492028884874443e-01
7.619550000000000108e-03 -9.119920288848737400e-02
7.641440000000000211e-03 -7.889920288848739638e-02
7.663340000000000256e-03 -7.782920288848749202e-02
7.685230000000000360e-03 -8.177920288848739006e-02
7.707130000000000404e-03 -7.306920288848739453e-02
7.729019999999999641e-03 -5.620920288848751944e-02
7.750919999999999685e-03 -4.402920288848743979e-02
7.772809999999999789e-03 -1.872920288848733961e-02
7.794709999999999833e-03 3.316079711151243004e-02
7.816609999999999878e-03 7.886079711151250393e-02
7.838499999999999981e-03 9.335079711151239579e-02
7.860400000000000026e-03 1.137407971115123040e-01
7.882290000000000130e-03 1.654407971115126053e-01
7.904190000000000174e-03 2.056707971115123712e-01
7.926080000000000278e-03 2.132107971115124734e-01
7.947980000000000322e-03 2.079507971115126530e-01
7.969870000000000426e-03 1.987807971115125305e-01
7.991770000000000471e-03 1.873907971115125193e-01
8.013660000000000574e-03 1.759707971115123115e-01
8.035560000000000619e-03 1.676207971115126760e-01
8.057450000000000723e-03 1.566607971115123732e-01
8.079350000000000767e-03 1.268207971115127286e-01
8.101239999999999136e-03 9.014079711151268270e-02
8.123139999999999181e-03 7.851079711151243146e-02
8.145029999999999284e-03 8.814079711151245888e-02
8.166929999999999329e-03 8.912079711151266181e-02
8.188819999999999433e-03 7.859079711151251146e-02
8.210719999999999477e-03 8.381079711151251388e-02
8.232609999999999581e-03 1.098307971115124460e-01
8.254509999999999625e-03 1.295407971115123402e-01
8.276409999999999670e-03 1.297507971115123837e-01
8.298299999999999774e-03 1.267907971115125321e-01
8.320199999999999818e-03 1.268307971115123500e-01
8.342089999999999922e-03 1.273707971115123350e-01
8.363989999999999966e-03 1.365307971115123920e-01
8.385880000000000070e-03 1.482607971115124101e-01
8.407780000000000115e-03 1.493107971115126276e-01
8.429670000000000218e-03 1.416607971115126929e-01
8.451570000000000263e-03 1.323007971115126580e-01
8.473460000000000367e-03 1.188207971115127215e-01
8.495360000000000411e-03 9.825079711151252226e-02
8.517250000000000515e-03 7.598079711151273230e-02
8.539150000000000559e-03 7.046079711151254088e-02
8.561040000000000663e-03 9.215079711151252795e-02
8.582940000000000708e-03 1.153007971115123098e-01
8.604830000000000811e-03 1.098607971115126425e-01
8.626730000000000856e-03 9.652079711151273500e-02
8.648619999999999225e-03 1.188307971115123429e-01
8.670519999999999269e-03 1.652107971115124307e-01
8.692419999999999314e-03 1.971507971115125102e-01
8.714309999999999418e-03 2.174207971115125204e-01
8.736209999999999462e-03 2.238307971115123252e-01
8.758099999999999566e-03 2.014107971115124407e-01
8.779999999999999610e-03 1.685707971115126824e-01
8.801889999999999714e-03 1.515707971115123343e-01
8.823789999999999759e-03 1.335507971115124093e-01
8.845679999999999862e-03 9.919079711151246315e-02
8.867579999999999907e-03 7.696079711151249114e-02
8.889470000000000011e-03 7.087079711151256234e-02
8.911370000000000055e-03 5.021079711151266167e-02
8.933260000000000159e-03 2.548079711151274296e-02
8.955160000000000203e-03 2.453079711151273656e-02
8.977050000000000307e-03 3.468079711151261790e-02
8.998950000000000352e-03 4.225079711151247253e-02
9.020840000000000455e-03 4.572079711151255665e-02
9.042740000000000500e-03 3.477079711151231933e-02
9.064630000000000604e-03 1.073079711151248006e-02
9.086530000000000648e-03 3.450797111512304838e-03
9.108430000000000692e-03 2.136079711151239735e-02
9.130320000000000796e-03 3.642079711151247068e-02
9.152220000000000841e-03 3.143079711151264277e-02
9.174109999999999210e-03 2.732079711151236268e-02
9.196009999999999254e-03 3.192079711151274424e-02
9.217899999999999358e-03 1.905079711151236310e-02
9.239799999999999403e-03 -2.949202888487434393e-03
9.261689999999999506e-03 -2.483920288848739943e-02
9.283589999999999551e-03 -4.488920288848752271e-02
9.305479999999999655e-03 -7.889920288848739638e-02
9.327379999999999699e-03 -7.054920288848753884e-02
9.349269999999999803e-03 -4.856920288848742828e-02
9.371169999999999847e-03 -6.358920288848746161e-02
9.393059999999999951e-03 -7.449920288848743688e-02
9.414959999999999996e-03 -8.239920288848745500e-02
9.436850000000000099e-03 -8.377920288848739183e-02
9.458750000000000144e-03 -8.212920288848746253e-02
9.480640000000000248e-03 -8.961920288848745919e-02
9.502540000000000292e-03 -7.874920288848752392e-02
9.524430000000000396e-03 -4.967920288848737265e-02
9.546330000000000440e-03 -4.447920288848750126e-02
9.568230000000000485e-03 -6.463920288848745699e-02
9.590120000000000589e-03 -7.509920288848737080e-02
9.612020000000000633e-03 -6.125920288848751838e-02
9.633910000000000737e-03 -3.901920288848748086e-02
9.655810000000000781e-03 -2.064920288848748342e-02
9.677699999999999150e-03 -7.289202888487444909e-03
9.699599999999999195e-03 -1.965920288848765907e-02
9.721489999999999299e-03 -6.806920288848750111e-02
9.743389999999999343e-03 -1.252892028884875497e-01
9.765279999999999447e-03 -1.488492028884875751e-01
9.787179999999999491e-03 -1.353592028884875731e-01
9.809069999999999595e-03 -1.169092028884874956e-01
9.830969999999999639e-03 -9.801920288848742224e-02
9.852859999999999743e-03 -7.452920288848741137e-02
9.874759999999999788e-03 -6.864920288848752605e-02
9.896649999999999892e-03 -8.430920288848753330e-02
9.918549999999999936e-03 -1.023292028884874583e-01
9.940440000000000040e-03 -1.159292028884875148e-01
9.962340000000000084e-03 -1.130292028884873901e-01
9.984240000000000129e-03 -1.036292028884875371e-01
1.000610000000000041e-02 -1.052392028884874264e-01
1.002800000000000046e-02 -1.105992028884874578e-01
1.004990000000000050e-02 -1.172692028884874116e-01
1.007180000000000054e-02 -1.331692028884874368e-01
1.009370000000000059e-02 -1.543992028884875189e-01
1.011560000000000063e-02 -1.718792028884874590e-01
1.013750000000000068e-02 -1.666392028884875476e-01
1.015940000000000072e-02 -1.328392028884874954e-01
1.018130000000000077e-02 -1.044592028884874235e-01
1.020320000000000081e-02 -1.022592028884874438e-01
1.022510000000000085e-02 -1.124892028884874051e-01
1.024699999999999916e-02 -1.202592028884874598e-01
1.026889999999999921e-02 -1.224792028884875705e-01
1.029079999999999925e-02 -1.252992028884873932e-01
1.031269999999999930e-02 -1.269192028884875700e-01
1.033459999999999934e-02 -1.158192028884874603e-01
1.035649999999999939e-02 -1.001392028884875440e-01
1.037830000000000003e-02 -9.793920288848756428e-02
1.040020000000000007e-02 -1.050792028884874885e-01
1.042210000000000011e-02 -1.086392028884874961e-01
1.044400000000000016e-02 -1.097492028884874404e-01
1.046590000000000020e-02 -1.042392028884875366e-01
1.048780000000000025e-02 -8.158920288848747759e-02
1.050970000000000029e-02 -5.917920288848743660e-02
1.053160000000000034e-02 -6.707920288848745471e-02
1.055350000000000038e-02 -1.029292028884873922e-01
1.057540000000000043e-02 -1.333292028884873748e-01
1.059730000000000047e-02 -1.313692028884874130e-01
1.061920000000000051e-02 -1.020392028884875568e-01
1.064110000000000056e-02 -8.095920288848756918e-02
1.066300000000000060e-02 -9.183920288848756996e-02
1.068490000000000065e-02 -1.054092028884874299e-01
1.070680000000000069e-02 -1.029492028884875232e-01
1.072870000000000074e-02 -9.644920288848757295e-02
1.075060000000000078e-02 -8.043920288848749323e-02
1.077250000000000082e-02 -5.718920288848750033e-02
1.079439999999999913e-02 -5.160920288848758197e-02
1.081629999999999918e-02 -6.562920288848750339e-02
1.083819999999999922e-02 -6.706920288848738920e-02
1.085999999999999986e-02 -5.108920288848750602e-02
1.088189999999999991e-02 -4.984920288848737613e-02
1.090379999999999995e-02 -6.832920288848742807e-02
1.092570000000000000e-02 -6.860920288848748605e-02
1.094760000000000004e-02 -3.566920288848751674e-02
1.096950000000000008e-02 -7.959202888487393324e-03
1.099140000000000013e-02 -1.127920288848738295e-02
1.101330000000000017e-02 -9.569202888487282621e-03
1.103520000000000022e-02 2.238079711151241824e-02
1.105710000000000026e-02 5.578079711151273656e-02
1.107900000000000031e-02 7.778079711151253406e-02
1.110090000000000035e-02 9.537079711151230654e-02
1.112280000000000039e-02 1.130807971115124211e-01
1.114470000000000044e-02 1.429907971115125243e-01
1.116660000000000048e-02 1.833807971115124502e-01
1.118850000000000053e-02 2.186907971115124028e-01
1.121040000000000057e-02 2.351407971115127005e-01
1.123230000000000062e-02 2.299407971115123850e-01
1.125420000000000066e-02 2.263507971115124029e-01
1.127610000000000071e-02 2.432007971115126566e-01
1.129800000000000075e-02 2.610607971115124215e-01
1.131979999999999965e-02 2.529507971115125819e-01
1.134169999999999970e-02 2.263507971115124029e-01
1.136359999999999974e-02 2.066907971115123921e-01
1.138549999999999979e-02 1.955207971115124899e-01
1.140739999999999983e-02 1.822507971115125969e-01
1.142929999999999988e-02 1.671707971115123925e-01
1.145119999999999992e-02 1.520207971115126178e-01
1.147309999999999997e-02 1.358707971115125090e-01
1.149500000000000001e-02 1.304407971115124631e-01
1.151690000000000005e-02 1.398507971115123816e-01
1.153880000000000010e-02 1.412807971115124239e-01
1.156070000000000014e-02 1.296207971115124202e-01
1.158260000000000019e-02 1.277007971115127205e-01
1.160450000000000023e-02 1.422107971115127434e-01
1.162640000000000028e-02 1.550807971115126804e-01
1.164830000000000032e-02 1.502907971115123864e-01
1.167020000000000036e-02 1.292507971115126608e-01
1.169210000000000041e-02 1.181307971115126421e-01
1.171400000000000045e-02 1.332007971115123368e-01
1.173590000000000050e-02 1.489907971115123075e-01
1.175780000000000054e-02 1.364507971115123119e-01
1.177959999999999945e-02 1.108907971115127289e-01
1.180149999999999949e-02 1.079907971115123821e-01
1.182339999999999954e-02 1.202807971115125163e-01
1.184529999999999958e-02 1.207107971115126688e-01
1.186719999999999962e-02 1.191507971115126630e-01
1.188909999999999967e-02 1.201207971115123563e-01
1.191099999999999971e-02 1.106307971115123578e-01
1.193289999999999976e-02 9.225079711151273898e-02
1.195479999999999980e-02 8.322079711151264547e-02
1.197669999999999985e-02 8.067079711151237120e-02
1.199859999999999989e-02 6.770079711151266721e-02
1.202049999999999993e-02 5.475079711151265016e-02
1.204239999999999998e-02 4.855079711151244481e-02
1.206430000000000002e-02 3.469079711151268341e-02
1.208620000000000007e-02 2.189079711151231677e-02
1.210810000000000011e-02 2.548079711151274296e-02
1.213000000000000016e-02 3.656079711151249967e-02
1.215190000000000020e-02 4.881079711151237177e-02
1.217380000000000025e-02 5.757079711151247281e-02
1.219570000000000029e-02 5.631079711151265599e-02
1.221760000000000033e-02 4.878079711151261932e-02
1.223939999999999924e-02 4.734079711151251146e-02
1.226129999999999928e-02 4.339079711151239138e-02
1.228319999999999933e-02 2.439079711151270757e-02
1.230509999999999937e-02 -1.369202888487297542e-03
1.232699999999999942e-02 -1.107920288848740498e-02
1.234889999999999946e-02 -5.319202888487417624e-03
1.237079999999999950e-02 -8.899202888487334207e-03
1.239269999999999955e-02 -1.038920288848732554e-02
1.241459999999999959e-02 -7.939202888487262300e-03
1.243649999999999964e-02 -1.098920288848725946e-02
1.245839999999999968e-02 -4.231920288848756151e-02
1.248029999999999973e-02 -3.804920288848756549e-02
1.250219999999999977e-02 -1.738920288848744278e-02
1.252409999999999982e-02 -4.086920288848738814e-02
1.254599999999999986e-02 -7.732920288848754709e-02
1.256789999999999990e-02 -1.063592028884874363e-01
1.258979999999999995e-02 -1.092892028884875355e-01
1.261169999999999999e-02 -9.960920288848740256e-02
1.263360000000000004e-02 -1.045192028884873725e-01
1.265550000000000008e-02 -1.045092028884875290e-01
1.267740000000000013e-02 -8.551920288848746665e-02
1.269920000000000077e-02 -8.276920288848743645e-02
1.272110000000000081e-02 -1.193192028884875189e-01
1.274300000000000085e-02 -1.587392028884875295e-01
1.276489999999999916e-02 -1.618892028884875156e-01
1.278679999999999921e-02 -1.365792028884875720e-01
1.280869999999999925e-02 -1.066492028884875598e-01
1.283059999999999930e-02 -8.900920288848745976e-02
1.285249999999999934e-02 -1.010492028884875104e-01
1.287439999999999939e-02 -1.282592028884874669e-01
1.289629999999999943e-02 -1.422192028884874393e-01
1.291819999999999947e-02 -1.248392028884874883e-01
1.294009999999999952e-02 -7.963920288848758133e-02
1.296199999999999956e-02 -5.043920288848746658e-02
1.298389999999999961e-02 -5.333920288848736924e-02
1.300579999999999965e-02 -5.036920288848745209e-02
1.302769999999999970e-02 -3.952920288848749131e-02
1.304959999999999974e-02 -5.409920288848746317e-02
1.307149999999999979e-02 -9.744920288848746281e-02
1.309339999999999983e-02 -1.464892028884874353e-01
1.311529999999999987e-02 -1.641092028884874043e-01
1.313719999999999992e-02 -1.516492028884874887e-01
1.315900000000000056e-02 -1.419792028884874213e-01
1.318090000000000060e-02 -1.383392028884875558e-01
1.320280000000000065e-02 -1.287992028884874518e-01
1.322470000000000069e-02 -1.189892028884875774e-01
1.324660000000000074e-02 -1.330792028884875133e-01
1.326850000000000078e-02 -1.712192028884875761e-01
1.329040000000000082e-02 -1.865992028884875253e-01
1.331229999999999913e-02 -1.569692028884874802e-01
1.333419999999999918e-02 -1.233892028884875369e-01
1.335609999999999922e-02 -1.184592028884874360e-01
1.337799999999999927e-02 -1.170892028884875646e-01
1.339989999999999931e-02 -8.540920288848741215e-02
1.342179999999999936e-02 -4.766920288848752740e-02
1.344369999999999940e-02 -5.710920288848742032e-02
1.346559999999999944e-02 -9.537920288848744654e-02
1.348749999999999949e-02 -1.035892028884874971e-01
1.350939999999999953e-02 -9.739920288848757934e-02
1.353129999999999958e-02 -1.165692028884874887e-01
1.355319999999999962e-02 -1.403692028884875320e-01
1.357509999999999967e-02 -1.411992028884874184e-01
1.359699999999999971e-02 -1.291992028884874077e-01
1.361880000000000035e-02 -1.184792028884875670e-01
1.364070000000000039e-02 -1.081592028884874601e-01
1.366260000000000044e-02 -9.348920288848749927e-02
1.368450000000000048e-02 -7.866920288848744391e-02
1.370640000000000053e-02 -8.040920288848751873e-02
1.372830000000000057e-02 -9.957920288848742807e-02
1.375020000000000062e-02 -1.124692028884874961e-01
1.377210000000000066e-02 -1.007092028884875035e-01
1.379400000000000071e-02 -8.057920288848752222e-02
1.381590000000000075e-02 -8.743920288848738842e-02
1.383780000000000079e-02 -1.162992028884874962e-01
1.385970000000000084e-02 -1.379492028884874433e-01
1.388159999999999915e-02 -1.377492028884874653e-01
1.390349999999999919e-02 -1.141292028884874910e-01
1.392539999999999924e-02 -8.449920288848744576e-02
1.394729999999999928e-02 -6.611920288848738281e-02
1.396919999999999933e-02 -4.557920288848738011e-02
1.399109999999999937e-02 -2.409202888487449457e-03
1.401299999999999941e-02 4.035079711151245974e-02
1.403489999999999946e-02 4.631079711151242506e-02
1.405679999999999950e-02 2.956079711151238243e-02
1.407860000000000014e-02 3.962079711151256234e-02
1.410050000000000019e-02 7.963079711151266338e-02
1.412240000000000023e-02 1.026407971115124163e-01
1.414430000000000028e-02 9.858079711151246372e-02
1.416620000000000032e-02 1.094607971115126865e-01
1.418810000000000036e-02 1.436007971115125237e-01
1.421000000000000041e-02 1.623807971115125426e-01
1.423190000000000045e-02 1.649007971115126203e-01
1.425380000000000050e-02 1.738107971115123718e-01
1.427570000000000054e-02 1.859507971115124114e-01
1.429760000000000059e-02 1.927407971115124852e-01
1.431950000000000063e-02 1.929807971115127252e-01
1.434140000000000068e-02 1.890507971115127361e-01
1.436330000000000072e-02 1.732907971115125179e-01
1.438520000000000076e-02 1.390507971115124697e-01
1.440710000000000081e-02 1.093307971115127231e-01
1.442900000000000085e-02 1.048307971115125525e-01
1.445089999999999916e-02 1.132907971115124646e-01
1.447279999999999921e-02 1.107807971115124523e-01
1.449469999999999925e-02 9.467079711151260568e-02
1.451659999999999930e-02 8.700079711151254003e-02
1.453839999999999993e-02 9.534079711151255410e-02
1.456029999999999998e-02 1.054607971115126830e-01
1.458220000000000002e-02 1.094207971115124245e-01
1.460410000000000007e-02 1.075607971115126738e-01
1.462600000000000011e-02 9.673079711151233440e-02
1.464790000000000016e-02 8.969079711151239920e-02
1.466980000000000020e-02 9.936079711151268867e-02
1.469170000000000025e-02 1.086807971115124616e-01
1.471360000000000029e-02 1.142907971115123544e-01
1.473550000000000033e-02 1.301807971115125362e-01
1.475740000000000038e-02 1.465607971115123753e-01
1.477930000000000042e-02 1.496207971115124380e-01
1.480120000000000047e-02 1.383907971115125868e-01
1.482310000000000051e-02 1.154107971115125864e-01
1.484500000000000056e-02 1.091107971115126141e-01
1.486690000000000060e-02 1.405507971115125265e-01
1.488880000000000065e-02 1.715707971115123520e-01
1.491070000000000069e-02 1.606807971115125078e-01
1.493260000000000073e-02 1.315207971115124330e-01
1.495450000000000078e-02 1.288507971115127049e-01
1.497640000000000082e-02 1.460507971115125869e-01
1.499819999999999973e-02 1.643507971115125699e-01
1.502009999999999977e-02 1.964607971115124307e-01
1.504199999999999982e-02 2.311507971115123183e-01
1.506389999999999986e-02 2.531107971115127420e-01
1.508579999999999990e-02 2.770607971115124357e-01
1.510769999999999995e-02 2.981407971115124234e-01
1.512959999999999999e-02 2.748507971115126125e-01
1.515150000000000004e-02 2.043707971115127364e-01
1.517340000000000008e-02 1.344107971115127143e-01
1.519530000000000013e-02 8.520079711151273827e-02
1.521720000000000017e-02 4.554079711151270971e-02
1.523910000000000022e-02 2.027079711151236197e-02
1.526100000000000026e-02 1.354079711151268128e-02
1.528290000000000030e-02 1.378079711151247722e-02
1.530480000000000035e-02 1.973079711151237703e-02
1.532670000000000039e-02 2.824079711151261662e-02
1.534860000000000044e-02 2.573079711151260440e-02
1.537050000000000048e-02 1.302079711151238328e-02
1.539240000000000053e-02 1.264079711151255836e-02
1.541430000000000057e-02 1.664079711151256191e-02
1.543620000000000062e-02 -1.779202888487319001e-03
1.545799999999999952e-02 -2.965920288848744590e-02
1.547989999999999956e-02 -2.546920288848752989e-02
1.550179999999999961e-02 -8.892028884872615890e-04
1.552369999999999965e-02 -1.850920288848767470e-02
1.554559999999999970e-02 -7.104920288848748378e-02
1.556749999999999974e-02 -1.099092028884873784e-01
1.558939999999999979e-02 -1.196392028884873948e-01
1.561129999999999983e-02 -1.400392028884873685e-01
1.563319999999999987e-02 -1.146092028884875269e-01
1.565510000000000165e-02 -5.723920288848738380e-02
1.567699999999999996e-02 -4.265920288848756847e-02
1.569889999999999827e-02 -5.068920288848755007e-02
1.572080000000000005e-02 -6.120920288848741286e-02
1.574269999999999836e-02 -5.220920288848751589e-02
1.576460000000000014e-02 -3.723920288848736604e-02
1.578649999999999845e-02 -5.569920288848750900e-02
1.580840000000000023e-02 -8.085920288848758020e-02
1.583029999999999854e-02 -7.100920288848744377e-02
1.585220000000000032e-02 -6.545920288848749991e-02
1.587409999999999863e-02 -9.953920288848738807e-02
1.589600000000000041e-02 -1.337792028884874362e-01
1.591779999999999931e-02 -1.343892028884874357e-01
1.593970000000000109e-02 -1.208292028884874192e-01
1.596159999999999940e-02 -1.068192028884875633e-01
1.598350000000000118e-02 -9.078920288848757458e-02
1.600539999999999949e-02 -9.664920288848755092e-02
1.602730000000000127e-02 -1.221692028884875381e-01
1.604919999999999958e-02 -1.429492028884875587e-01
1.607110000000000136e-02 -1.392892028884875621e-01
1.609299999999999967e-02 -1.203592028884874487e-01
1.611490000000000145e-02 -1.225792028884875595e-01
1.613679999999999976e-02 -1.373692028884874183e-01
1.615870000000000153e-02 -1.246592028884874193e-01
1.618059999999999984e-02 -9.395920288848746971e-02
1.620250000000000162e-02 -9.796920288848753877e-02
1.622439999999999993e-02 -1.396292028884875691e-01
1.624630000000000171e-02 -1.776992028884873953e-01
1.626820000000000002e-02 -1.858692028884874059e-01
1.629009999999999833e-02 -1.790592028884874232e-01
1.631200000000000011e-02 -1.738592028884875518e-01
1.633389999999999842e-02 -1.591192028884875764e-01
1.635580000000000020e-02 -1.378192028884874798e-01
1.637759999999999910e-02 -1.316992028884875765e-01
1.639950000000000088e-02 -1.459092028884874104e-01
1.642139999999999919e-02 -1.745692028884875402e-01
1.644330000000000097e-02 -1.885992028884875271e-01
1.646519999999999928e-02 -1.629492028884875765e-01
1.648710000000000106e-02 -1.298892028884874872e-01
1.650899999999999937e-02 -1.161892028884874417e-01
1.653090000000000115e-02 -1.073592028884875482e-01
1.655279999999999946e-02 -1.006492028884875545e-01
1.657470000000000124e-02 -1.034092028884874281e-01
1.659659999999999955e-02 -1.138292028884875240e-01
1.661850000000000133e-02 -1.248192028884875793e-01
1.664039999999999964e-02 -1.276692028884873764e-01
1.666230000000000142e-02 -1.247392028884874993e-01
1.668419999999999973e-02 -1.233892028884875369e-01
1.670610000000000150e-02 -1.259992028884875381e-01
1.672799999999999981e-02 -1.254992028884873712e-01
1.674990000000000159e-02 -1.039592028884874786e-01
1.677179999999999990e-02 -6.509920288848758396e-02
1.679370000000000168e-02 -3.509920288848755732e-02
1.681559999999999999e-02 -2.017920288848751298e-02
1.683739999999999890e-02 -2.428920288848757103e-02
1.685930000000000067e-02 -7.000920288848755391e-02
1.688119999999999898e-02 -1.298992028884875527e-01
1.690310000000000076e-02 -1.450692028884874585e-01
1.692499999999999907e-02 -1.176792028884874330e-01
1.694690000000000085e-02 -9.084920288848752357e-02
1.696879999999999916e-02 -9.049920288848745109e-02
1.699070000000000094e-02 -1.011492028884874994e-01
1.701259999999999925e-02 -1.007892028884875835e-01
1.703450000000000103e-02 -9.034920288848757863e-02
1.705639999999999934e-02 -7.385920288848746296e-02
1.707830000000000112e-02 -5.280920288848744981e-02
1.710019999999999943e-02 -3.877920288848746289e-02
1.712210000000000121e-02 -4.125920288848750062e-02
1.714399999999999952e-02 -4.551920288848743112e-02
1.716590000000000130e-02 -4.282920288848757195e-02
1.718779999999999961e-02 -4.829920288848743581e-02
1.720970000000000139e-02 -6.400920288848754858e-02
1.723159999999999969e-02 -6.022920288848743198e-02
1.725350000000000147e-02 -2.830920288848748356e-02
1.727539999999999978e-02 8.507971115125911865e-04
1.729719999999999869e-02 1.608079711151244595e-02
1.731910000000000047e-02 3.803079711151235998e-02
1.734099999999999878e-02 6.680079711151254429e-02
1.736290000000000056e-02 8.757079711151272150e-02
1.738479999999999887e-02 1.139607971115124130e-01
1.740670000000000064e-02 1.461407971115127324e-01
1.742859999999999895e-02 1.625207971115125716e-01
1.745050000000000073e-02 1.700307971115124772e-01
1.747239999999999904e-02 1.810207971115125325e-01
1.749430000000000082e-02 1.899907971115126770e-01
1.751619999999999913e-02 1.886207971115125837e-01
1.753810000000000091e-02 1.786307971115124182e-01
1.755999999999999922e-02 1.772207971115125069e-01
1.758190000000000100e-02 1.915707971115123698e-01
1.760379999999999931e-02 2.101307971115127238e-01
1.762570000000000109e-02 2.185507971115123738e-01
1.764759999999999940e-02 2.178907971115124909e-01
1.766950000000000118e-02 2.233107971115124712e-01
1.769139999999999949e-02 2.294907971115125456e-01
1.771330000000000127e-02 2.203707971115123065e-01
1.773519999999999958e-02 2.000107971115125949e-01
1.775710000000000136e-02 1.787007971115124327e-01
1.777890000000000026e-02 1.592607971115125309e-01
1.780079999999999857e-02 1.603007971115126828e-01
1.782270000000000035e-02 1.873707971115123883e-01
1.784459999999999866e-02 2.039107971115123874e-01
1.786650000000000044e-02 1.997407971115126024e-01
1.788839999999999875e-02 1.997807971115124204e-01
1.791030000000000053e-02 2.017607971115125132e-01
1.793219999999999884e-02 1.919007971115123112e-01
1.795410000000000061e-02 1.757007971115123190e-01
1.797599999999999892e-02 1.559107971115123448e-01
1.799790000000000070e-02 1.364007971115124285e-01
1.801979999999999901e-02 1.283907971115123559e-01
1.804170000000000079e-02 1.280807971115125454e-01
1.806359999999999910e-02 1.188507971115124739e-01
1.808550000000000088e-02 1.013707971115125339e-01
1.810739999999999919e-02 9.799079711151259531e-02
1.812930000000000097e-02 1.124307971115126037e-01
1.815119999999999928e-02 1.333207971115126789e-01
1.817310000000000106e-02 1.630307971115123600e-01
1.819499999999999937e-02 1.864607971115126439e-01
1.821690000000000115e-02 1.921907971115124347e-01
1.823870000000000005e-02 2.021807971115126001e-01
1.826059999999999836e-02 2.311207971115125659e-01
1.828250000000000014e-02 2.486407971115123239e-01
1.830439999999999845e-02 2.341907971115126941e-01
1.832630000000000023e-02 2.042607971115124599e-01
1.834819999999999854e-02 1.566207971115125552e-01
1.837010000000000032e-02 8.985079711151255921e-02
1.839199999999999863e-02 3.979079711151234378e-02
1.841390000000000041e-02 2.183079711151236779e-02
1.843579999999999872e-02 1.872079711151242165e-02
1.845770000000000050e-02 2.486079711151267801e-02
1.847959999999999881e-02 2.705079711151237021e-02
1.850150000000000058e-02 8.100797111512569870e-03
1.852339999999999889e-02 -1.987920288848732397e-02
1.854530000000000067e-02 -2.332920288848749912e-02
1.856719999999999898e-02 -7.769202888487480863e-03
1.858910000000000076e-02 -9.469202888487515679e-03
1.861099999999999907e-02 -2.482920288848755597e-02
1.863290000000000085e-02 -2.327920288848739361e-02
1.865479999999999916e-02 -1.939920288848728802e-02
1.867670000000000094e-02 -4.896920288848738423e-02
1.869849999999999984e-02 -8.704920288848749799e-02
1.872040000000000162e-02 -1.105692028884874833e-01
1.874229999999999993e-02 -1.172992028884873861e-01
1.876420000000000171e-02 -1.433092028884874747e-01
1.878610000000000002e-02 -1.365392028884875320e-01
1.880799999999999833e-02 -1.044192028884873835e-01
1.882990000000000011e-02 -1.034892028884875081e-01
1.885179999999999842e-02 -1.080192028884874311e-01
1.887370000000000020e-02 -1.026992028884874397e-01
1.889559999999999851e-02 -8.097920288848747816e-02
1.891750000000000029e-02 -6.547920288848740888e-02
1.893939999999999860e-02 -8.654920288848755305e-02
1.896130000000000038e-02 -1.060492028884874038e-01
1.898319999999999869e-02 -8.354920288848743937e-02
1.900510000000000047e-02 -6.331920288848746914e-02
1.902699999999999877e-02 -8.251920288848757501e-02
1.904890000000000055e-02 -1.049092028884874850e-01
1.907079999999999886e-02 -1.003592028884874310e-01
1.909270000000000064e-02 -9.313920288848742679e-02
1.911459999999999895e-02 -8.858920288848737279e-02
1.913650000000000073e-02 -6.322920288848754566e-02
1.915829999999999964e-02 -4.337920288848740036e-02
1.918020000000000141e-02 -6.286920288848740768e-02
1.920209999999999972e-02 -1.061892028884874328e-01
1.922400000000000150e-02 -1.342792028884873812e-01
1.924589999999999981e-02 -1.398192028884874816e-01
1.926780000000000159e-02 -1.484392028884875536e-01
1.928969999999999990e-02 -1.568392028884875167e-01
1.931160000000000168e-02 -1.377092028884874253e-01
1.933349999999999999e-02 -1.004192028884873800e-01
1.935539999999999830e-02 -8.696920288848741798e-02
1.937730000000000008e-02 -1.080192028884874311e-01
1.939919999999999839e-02 -1.309892028884873660e-01
1.942110000000000017e-02 -1.214492028884874841e-01
1.944299999999999848e-02 -9.743920288848739730e-02
1.946490000000000026e-02 -9.379920288848753174e-02
1.948679999999999857e-02 -9.757920288848742629e-02
1.950870000000000035e-02 -8.998920288848744065e-02
1.953059999999999866e-02 -8.972920288848751369e-02
1.955250000000000044e-02 -1.122792028884875837e-01
1.957439999999999874e-02 -1.423992028884875083e-01
1.959630000000000052e-02 -1.472092028884874892e-01
1.961809999999999943e-02 -1.240892028884874598e-01
1.964000000000000121e-02 -1.143892028884874179e-01
1.966189999999999952e-02 -1.290192028884875608e-01
1.968380000000000130e-02 -1.357992028884875690e-01
1.970569999999999961e-02 -1.212792028884874806e-01
1.972760000000000138e-02 -1.049592028884873685e-01
1.974949999999999969e-02 -1.097992028884875459e-01
1.977140000000000147e-02 -1.286392028884875138e-01
1.979329999999999978e-02 -1.349792028884875261e-01
1.981520000000000156e-02 -1.312392028884874495e-01
1.983709999999999987e-02 -1.320892028884874669e-01
1.985900000000000165e-02 -1.313192028884875295e-01
1.988089999999999996e-02 -1.241792028884873833e-01
1.990279999999999827e-02 -1.107692028884874613e-01
1.992470000000000005e-02 -9.106920288848741052e-02
1.994659999999999836e-02 -7.856920288848745493e-02
1.996850000000000014e-02 -7.918920288848751987e-02
1.999039999999999845e-02 -9.035920288848742210e-02
2.001230000000000023e-02 -1.225592028884874285e-01
2.003419999999999854e-02 -1.585592028884874605e-01
2.005610000000000032e-02 -1.585392028884875515e-01
2.007789999999999922e-02 -1.213892028884875351e-01
2.009980000000000100e-02 -8.583920288848756464e-02
2.012169999999999931e-02 -9.001920288848741514e-02
2.014360000000000109e-02 -1.174492028884874806e-01
2.016549999999999940e-02 -1.275092028884874384e-01
2.018740000000000118e-02 -1.184192028884873960e-01
2.020929999999999949e-02 -1.040792028884873766e-01
2.023120000000000127e-02 -8.879920288848741627e-02
2.025309999999999958e-02 -7.555920288848749777e-02
2.027500000000000135e-02 -6.267920288848749522e-02
2.029689999999999966e-02 -4.117920288848742061e-02
2.031880000000000144e-02 -1.437920288848726358e-02
2.034069999999999975e-02 2.290797111512699047e-03
2.036260000000000153e-02 1.030797111512438136e-03
2.038449999999999984e-02 2.870797111512501942e-03
2.040640000000000162e-02 2.541079711151272846e-02
2.042829999999999993e-02 4.753079711151242392e-02
2.045020000000000171e-02 5.331079711151254230e-02
2.047210000000000002e-02 6.253079711151254827e-02
2.049399999999999833e-02 7.992079711151234278e-02
2.051590000000000011e-02 8.397079711151267389e-02
2.053769999999999901e-02 8.978079711151254472e-02
2.055960000000000079e-02 1.129507971115124576e-01
2.058149999999999910e-02 1.287707971115126249e-01
2.060340000000000088e-02 1.306507971115125066e-01
2.062529999999999919e-02 1.388407971115124262e-01
2.064720000000000097e-02 1.561107971115123227e-01
2.066909999999999928e-02 1.627307971115126151e-01
2.069100000000000106e-02 1.500507971115125905e-01
2.071289999999999937e-02 1.369707971115126099e-01
2.073480000000000115e-02 1.450307971115125660e-01
2.075669999999999946e-02 1.707207971115125567e-01
2.077860000000000124e-02 1.820407971115125534e-01
2.080049999999999955e-02 1.660507971115126047e-01
2.082240000000000132e-02 1.570207971115125112e-01
2.084429999999999963e-02 1.717607971115127086e-01
2.086620000000000141e-02 1.858507971115126445e-01
2.088809999999999972e-02 1.830607971115125743e-01
2.091000000000000150e-02 1.714107971115126361e-01
2.093189999999999981e-02 1.566407971115126863e-01
2.095380000000000159e-02 1.437907971115124361e-01
2.097569999999999990e-02 1.454007971115123254e-01
2.099749999999999880e-02 1.616407971115125797e-01
2.101940000000000058e-02 1.824807971115123273e-01
2.104129999999999889e-02 1.962007971115125038e-01
2.106320000000000067e-02 1.989407971115126905e-01
2.108509999999999898e-02 2.017307971115123166e-01
2.110700000000000076e-02 2.011907971115123317e-01
2.112889999999999907e-02 1.765107971115127405e-01
2.115080000000000085e-02 1.516007971115125308e-01
2.117269999999999916e-02 1.636307971115127380e-01
2.119460000000000094e-02 1.815307971115123209e-01
2.121649999999999925e-02 1.620707971115127322e-01
2.123840000000000103e-02 1.320207971115126000e-01
2.126029999999999934e-02 1.343507971115123212e-01
2.128220000000000112e-02 1.489507971115124896e-01
2.130409999999999943e-02 1.444107971115125011e-01
2.132600000000000121e-02 1.371907971115127189e-01
2.134789999999999952e-02 1.319107971115123235e-01
2.136980000000000129e-02 1.178507971115125841e-01
2.139169999999999960e-02 1.070707971115125723e-01
2.141360000000000138e-02 1.154807971115126008e-01
2.143549999999999969e-02 1.332207971115124678e-01
2.145729999999999860e-02 1.534707971115123470e-01
2.147920000000000038e-02 1.784607971115126368e-01
2.150109999999999869e-02 1.836207971115126902e-01
2.152300000000000046e-02 1.527307971115123841e-01
2.154489999999999877e-02 1.137007971115124860e-01
2.156680000000000055e-02 8.840079711151238584e-02
2.158869999999999886e-02 7.247079711151238612e-02
2.161060000000000064e-02 6.601079711151269791e-02
2.163249999999999895e-02 6.449079711151251004e-02
2.165440000000000073e-02 5.799079711151255978e-02
2.167629999999999904e-02 4.343079711151265343e-02
2.169820000000000082e-02 3.386079711151257499e-02
2.172009999999999913e-02 3.227079711151237262e-02
2.174200000000000091e-02 2.147079711151267389e-02
2.176389999999999922e-02 7.607971115124456674e-04
2.178580000000000100e-02 8.907971115124091455e-04
2.180769999999999931e-02 2.552079711151256092e-02
2.182960000000000109e-02 3.088079711151259232e-02
2.185149999999999940e-02 1.078079711151236353e-02
2.187340000000000118e-02 -1.692920288848753785e-02
2.189529999999999949e-02 -3.502920288848754282e-02
2.191709999999999839e-02 -7.342920288848753252e-02
2.193900000000000017e-02 -7.981920288848742828e-02
2.196089999999999848e-02 -6.527920288848743091e-02
2.198280000000000026e-02 -9.485920288848737059e-02
2.200469999999999857e-02 -1.386692028884874972e-01
2.202660000000000035e-02 -1.635292028884873794e-01
2.204849999999999866e-02 -1.486992028884874806e-01
2.207040000000000043e-02 -1.230592028884873734e-01
2.209229999999999874e-02 -1.274092028884874495e-01
2.211420000000000052e-02 -1.289792028884875208e-01
2.213609999999999883e-02 -9.597920288848738046e-02
2.215800000000000061e-02 -6.584920288848739034e-02
2.217989999999999892e-02 -6.823920288848750459e-02
2.220180000000000070e-02 -8.169920288848753209e-02
2.222369999999999901e-02 -7.569920288848752676e-02
2.224560000000000079e-02 -4.921920288848746772e-02
2.226749999999999910e-02 -2.606920288848746381e-02
2.228940000000000088e-02 -1.535920288848746651e-02
2.231129999999999919e-02 -1.246920288848762937e-02
2.233320000000000097e-02 -2.302920288848753216e-02
2.235509999999999928e-02 -5.171920288848741443e-02
2.237690000000000165e-02 -7.767920288848739752e-02
2.239879999999999996e-02 -9.086920288848743255e-02
2.242069999999999827e-02 -1.031192028884875267e-01
2.244260000000000005e-02 -1.001392028884875440e-01
2.246449999999999836e-02 -7.626920288848748619e-02
2.248640000000000014e-02 -5.486920288848740057e-02
2.250829999999999845e-02 -5.514920288848745855e-02
2.253020000000000023e-02 -7.955920288848750133e-02
2.255209999999999854e-02 -1.158692028884875658e-01
2.257400000000000032e-02 -1.345692028884875047e-01
2.259589999999999863e-02 -1.262092028884875816e-01
2.261780000000000040e-02 -1.070492028884875158e-01
2.263969999999999871e-02 -8.443920288848749678e-02
2.266160000000000049e-02 -6.638920288848737528e-02
2.268349999999999880e-02 -6.333920288848737812e-02
2.270540000000000058e-02 -8.073920288848746019e-02
2.272729999999999889e-02 -1.217492028884874511e-01
2.274920000000000067e-02 -1.553992028884874088e-01
2.277109999999999898e-02 -1.530792028884875311e-01
2.279300000000000076e-02 -1.425792028884875773e-01
2.281489999999999907e-02 -1.429192028884875842e-01
2.283670000000000144e-02 -1.380292028884875233e-01
2.285859999999999975e-02 -1.211192028884875427e-01
2.288050000000000153e-02 -1.011092028884874594e-01
2.290239999999999984e-02 -9.930920288848743560e-02
2.292430000000000162e-02 -1.124992028884874706e-01
2.294619999999999993e-02 -1.108492028884875413e-01
2.296810000000000171e-02 -1.004692028884874855e-01
2.299000000000000002e-02 -1.023692028884874983e-01
2.301189999999999833e-02 -1.139892028884874620e-01
2.303380000000000011e-02 -1.281392028884875689e-01
2.305569999999999842e-02 -1.402692028884875430e-01
2.307760000000000020e-02 -1.444692028884875246e-01
2.309949999999999851e-02 -1.378792028884874288e-01
2.312140000000000029e-02 -1.257292028884875457e-01
2.314329999999999860e-02 -1.232092028884874679e-01
2.316520000000000037e-02 -1.446392028884875280e-01
2.318709999999999868e-02 -1.662092028884873951e-01
2.320900000000000046e-02 -1.458092028884874214e-01
2.323089999999999877e-02 -9.288920288848756535e-02
2.325280000000000055e-02 -5.884920288848749514e-02
2.327469999999999886e-02 -7.174920288848740668e-02
2.329650000000000123e-02 -1.010492028884875104e-01
2.331839999999999954e-02 -1.139992028884875275e-01
2.334030000000000132e-02 -1.114292028884875663e-01
2.336219999999999963e-02 -9.998920288848744953e-02
2.338410000000000141e-02 -8.915920288848755426e-02
2.340599999999999972e-02 -8.817920288848757338e-02
2.342790000000000150e-02 -9.013920288848753515e-02
2.344979999999999981e-02 -7.112920288848756378e-02
2.347170000000000159e-02 -2.510920288848739190e-02
2.349359999999999990e-02 1.224079711151260241e-02
2.351550000000000168e-02 1.184079711151264647e-02
2.353739999999999999e-02 5.320797111512565181e-03
2.355929999999999830e-02 2.623079711151232729e-02
2.358120000000000008e-02 4.892079711151264831e-02
2.360309999999999839e-02 4.462079711151245576e-02
2.362500000000000017e-02 4.303079711151269748e-02
2.364689999999999848e-02 7.264079711151261165e-02
2.366880000000000026e-02 1.024207971115123073e-01
2.369069999999999857e-02 1.146607971115125579e-01
2.371260000000000034e-02 1.207107971115126688e-01
2.373449999999999865e-02 1.155107971115123533e-01
2.375630000000000103e-02 9.858079711151246372e-02
2.377819999999999934e-02 8.758079711151234292e-02
2.380010000000000112e-02 9.885079711151245618e-02
2.382199999999999943e-02 1.180007971115126786e-01
2.384390000000000120e-02 1.155107971115123533e-01
2.386579999999999951e-02 1.027407971115126273e-01
2.388770000000000129e-02 1.139107971115125295e-01
2.390959999999999960e-02 1.466907971115123388e-01
2.393150000000000138e-02 1.653907971115127218e-01
2.395339999999999969e-02 1.587107971115124805e-01
2.397530000000000147e-02 1.541207971115126085e-01
2.399719999999999978e-02 1.662107971115123206e-01
2.401910000000000156e-02 1.777907971115126884e-01
2.404099999999999987e-02 1.701807971115125717e-01
2.406290000000000165e-02 1.500007971115127070e-01
2.408479999999999996e-02 1.376907971115124418e-01
2.410669999999999827e-02 1.489807971115126861e-01
2.412860000000000005e-02 1.752807971115126762e-01
2.415049999999999836e-02 1.886107971115125181e-01
2.417240000000000014e-02 1.919907971115124568e-01
2.419429999999999845e-02 2.055707971115126043e-01
2.421610000000000082e-02 2.195707971115123947e-01
2.423799999999999913e-02 2.181307971115127309e-01
2.425990000000000091e-02 2.029507971115123155e-01
2.428179999999999922e-02 1.788407971115124617e-01
2.430370000000000100e-02 1.643607971115126354e-01
2.432559999999999931e-02 1.727007971115126495e-01
2.434750000000000109e-02 1.776907971115124774e-01
2.436939999999999940e-02 1.538807971115123685e-01
2.439130000000000117e-02 1.207407971115124212e-01
2.441319999999999948e-02 1.085007971115126146e-01
2.443510000000000126e-02 1.080707971115124622e-01
2.445699999999999957e-02 1.040107971115125096e-01
2.447890000000000135e-02 1.032507971115124157e-01
2.450079999999999966e-02 9.467079711151260568e-02
2.452270000000000144e-02 7.616079711151257925e-02
2.454459999999999975e-02 7.099079711151246030e-02
2.456650000000000153e-02 8.222079711151231152e-02
2.458839999999999984e-02 8.658079711151245306e-02
2.461030000000000162e-02 8.177079711151247210e-02
2.463219999999999993e-02 8.709079711151268555e-02
2.465410000000000171e-02 9.550079711151271411e-02
2.467600000000000002e-02 8.830079711151261890e-02
2.469779999999999892e-02 7.844079711151241696e-02
2.471970000000000070e-02 7.846079711151254799e-02
2.474159999999999901e-02 7.536079711151266736e-02
2.476350000000000079e-02 7.064079711151238783e-02
2.478539999999999910e-02 6.612079711151253036e-02
2.480730000000000088e-02 4.780079711151241639e-02
2.482919999999999919e-02 1.835079711151266224e-02
2.485110000000000097e-02 7.550797111512519422e-03
2.487299999999999928e-02 1.583079711151258451e-02
2.489490000000000106e-02 1.554079711151246102e-02
2.491679999999999937e-02 -1.649202888487355523e-03
2.493870000000000114e-02 -1.711920288848745031e-02
2.496059999999999945e-02 -2.263920288848741968e-02
2.498250000000000123e-02 -3.456920288848741585e-02
2.500439999999999954e-02 -4.637920288848751404e-02
2.502630000000000132e-02 -5.646920288848744640e-02
2.504819999999999963e-02 -6.135920288848750737e-02
2.507010000000000141e-02 -7.606920288848750822e-02
2.509199999999999972e-02 -4.522920288848752968e-02
2.511390000000000150e-02 -8.079202888487291290e-03
2.513570000000000040e-02 -3.632920288848739965e-02
2.515759999999999871e-02 -8.538920288848750317e-02
2.517950000000000049e-02 -1.264192028884874031e-01
2.520139999999999880e-02 -1.322092028884875869e-01
2.522330000000000058e-02 -1.084392028884875181e-01
2.524519999999999889e-02 -1.040892028884874421e-01
2.526710000000000067e-02 -1.186592028884874139e-01
2.528899999999999898e-02 -1.265092028884875486e-01
2.531090000000000076e-02 -1.412492028884875239e-01
2.533279999999999907e-02 -1.669992028884874635e-01
2.535470000000000085e-02 -1.742492028884874422e-01
2.537659999999999916e-02 -1.532492028884875346e-01
2.539850000000000094e-02 -1.299392028884873707e-01
2.542039999999999925e-02 -1.100292028884874984e-01
2.544230000000000103e-02 -8.050920288848750772e-02
2.546419999999999934e-02 -6.216920288848748477e-02
2.548610000000000111e-02 -7.062920288848739681e-02
2.550799999999999942e-02 -1.000692028884875295e-01
2.552990000000000120e-02 -1.188292028884874174e-01
2.555179999999999951e-02 -1.091192028884875320e-01
2.557370000000000129e-02 -1.035292028884875482e-01
2.559559999999999960e-02 -9.887920288848750516e-02
2.561739999999999851e-02 -6.483920288848743496e-02
2.563930000000000028e-02 -2.688920288848750673e-02
2.566119999999999859e-02 -3.184920288848758219e-02
2.568310000000000037e-02 -7.583920288848755575e-02
2.570499999999999868e-02 -1.216892028884875021e-01
2.572690000000000046e-02 -1.353292028884873766e-01
2.574879999999999877e-02 -1.190792028884875009e-01
2.577070000000000055e-02 -1.089292028884873975e-01
2.579259999999999886e-02 -1.157492028884874458e-01
2.581450000000000064e-02 -1.159292028884875148e-01
2.583639999999999895e-02 -1.110692028884874283e-01
2.585830000000000073e-02 -1.318292028884875400e-01
2.588019999999999904e-02 -1.710792028884875471e-01
2.590210000000000082e-02 -1.775692028884874318e-01
2.592399999999999913e-02 -1.437692028884873796e-01
2.594590000000000091e-02 -1.264892028884874176e-01
2.596779999999999922e-02 -1.386792028884875627e-01
2.598970000000000100e-02 -1.370992028884874259e-01
2.601159999999999931e-02 -1.127492028884875541e-01
2.603350000000000108e-02 -9.691920288848754339e-02
2.605539999999999939e-02 -1.062692028884875128e-01
2.607719999999999830e-02 -1.229992028884874244e-01
2.609910000000000008e-02 -1.308292028884874281e-01
2.612099999999999839e-02 -1.346492028884875847e-01
2.614290000000000017e-02 -1.405392028884875355e-01
2.616479999999999848e-02 -1.512192028884875583e-01
2.618670000000000025e-02 -1.642192028884874588e-01
2.620859999999999856e-02 -1.642792028884874078e-01
2.623050000000000034e-02 -1.379992028884875488e-01
2.625239999999999865e-02 -9.010920288848756066e-02
2.627430000000000043e-02 -4.096920288848737712e-02
2.629619999999999874e-02 -2.305920288848750666e-02
2.631810000000000052e-02 -5.713920288848739482e-02
2.633999999999999883e-02 -1.042892028884874200e-01
2.636190000000000061e-02 -1.138192028884874585e-01
2.638379999999999892e-02 -9.734920288848747383e-02
2.640570000000000070e-02 -9.261920288848757288e-02
2.642759999999999901e-02 -1.098192028884874549e-01
2.644950000000000079e-02 -1.167092028884875177e-01
2.647139999999999910e-02 -1.007492028884875435e-01
2.649330000000000088e-02 -8.708920288848753799e-02
2.651519999999999919e-02 -7.040920288848750985e-02
2.653700000000000156e-02 -3.226920288848744711e-02
2.655889999999999987e-02 8.010797111512424351e-03
2.658080000000000165e-02 2.698079711151235571e-02
2.660269999999999996e-02 4.567079711151267318e-02
2.662459999999999827e-02 8.060079711151235671e-02
2.664650000000000005e-02 9.888079711151265272e-02
2.666839999999999836e-02 8.831079711151268441e-02
2.669030000000000014e-02 9.565079711151236452e-02
2.671219999999999845e-02 1.309007971115123681e-01
2.673410000000000022e-02 1.477607971115126873e-01
2.675599999999999853e-02 1.409507971115124825e-01
2.677790000000000031e-02 1.489907971115123075e-01
2.679979999999999862e-02 1.658407971115125612e-01
2.682170000000000040e-02 1.569407971115124312e-01
2.684359999999999871e-02 1.412207971115124749e-01
2.686550000000000049e-02 1.435007971115123127e-01
2.688739999999999880e-02 1.467307971115126008e-01
2.690930000000000058e-02 1.391007971115123532e-01
2.693119999999999889e-02 1.336107971115123583e-01
2.695310000000000067e-02 1.447207971115123115e-01
2.697499999999999898e-02 1.546007971115126445e-01
2.699680000000000135e-02 1.399707971115127236e-01
2.701869999999999966e-02 1.246107971115124613e-01
2.704060000000000144e-02 1.359407971115125235e-01
2.706249999999999975e-02 1.544807971115123024e-01
2.708440000000000153e-02 1.513307971115125383e-01
2.710629999999999984e-02 1.381907971115126088e-01
2.712820000000000162e-02 1.416207971115124309e-01
2.715009999999999993e-02 1.530907971115125221e-01
2.717200000000000171e-02 1.534507971115126601e-01
2.719390000000000002e-02 1.460707971115127179e-01
2.721579999999999833e-02 1.384207971115123392e-01
2.723770000000000011e-02 1.259207971115126057e-01
2.725959999999999842e-02 1.181307971115126421e-01
2.728150000000000019e-02 1.281507971115125599e-01
2.730339999999999850e-02 1.350507971115124661e-01
2.732530000000000028e-02 1.290707971115123698e-01
2.734719999999999859e-02 1.301407971115127182e-01
2.736910000000000037e-02 1.358607971115124435e-01
2.739099999999999868e-02 1.304307971115123976e-01
2.741290000000000046e-02 1.182807971115127366e-01
2.743479999999999877e-02 1.085407971115124326e-01
2.745660000000000114e-02 1.156707971115125133e-01
2.747849999999999945e-02 1.503907971115125974e-01
2.750040000000000123e-02 1.906907971115123779e-01
2.752229999999999954e-02 2.014907971115125207e-01
2.754420000000000132e-02 1.790907971115123232e-01
2.756609999999999963e-02 1.524107971115125082e-01
2.758800000000000141e-02 1.365307971115123920e-01
2.760989999999999972e-02 1.259307971115126712e-01
2.763180000000000150e-02 1.170107971115124101e-01
2.765369999999999981e-02 9.757079711151250834e-02
2.767560000000000159e-02 7.490079711151231834e-02
2.769749999999999990e-02 7.119079711151243828e-02
2.771940000000000168e-02 8.258079711151244950e-02
2.774129999999999999e-02 8.330079711151272548e-02
2.776319999999999830e-02 6.714079711151255125e-02
2.778510000000000008e-02 5.278079711151262288e-02
2.780699999999999839e-02 4.032079711151270729e-02
2.782890000000000016e-02 2.002079711151250052e-02
2.785079999999999847e-02 1.048079711151261861e-02
2.787270000000000025e-02 2.094079711151231038e-02
2.789459999999999856e-02 3.130079711151267929e-02
2.791640000000000094e-02 3.761079711151271709e-02
2.793829999999999925e-02 4.197079711151241455e-02
2.796020000000000102e-02 3.528079711151255182e-02
2.798209999999999933e-02 1.806079711151253875e-02
2.800400000000000111e-02 3.570797111512646893e-03
2.802589999999999942e-02 -1.067920288848744903e-02
2.804780000000000120e-02 -3.575920288848744022e-02
2.806969999999999951e-02 -6.109920288848758041e-02
2.809160000000000129e-02 -6.439920288848743901e-02
2.811349999999999960e-02 -5.662920288848738437e-02
2.813540000000000138e-02 -6.488920288848754048e-02
2.815729999999999969e-02 -7.337920288848742700e-02
2.817920000000000147e-02 -7.820920288848753898e-02
2.820109999999999978e-02 -8.708920288848753799e-02
2.822300000000000156e-02 -1.208592028884873937e-01
2.824489999999999987e-02 -1.136892028884874950e-01
2.826680000000000165e-02 -8.378920288848745734e-02
2.828869999999999996e-02 -9.507920288848747958e-02
2.831059999999999827e-02 -1.113192028884875118e-01
2.833250000000000005e-02 -1.052292028884875830e-01
2.835439999999999836e-02 -6.962920288848750694e-02
2.837620000000000073e-02 -4.381920288848739631e-02
2.839809999999999904e-02 -6.413920288848751206e-02
2.842000000000000082e-02 -8.832920288848744583e-02
2.844189999999999913e-02 -7.336920288848758354e-02
2.846380000000000091e-02 -5.944920288848742906e-02
2.848569999999999922e-02 -7.916920288848738885e-02
2.850760000000000099e-02 -9.383920288848757174e-02
2.852949999999999930e-02 -8.148920288848748861e-02
2.855140000000000108e-02 -7.431920288848736789e-02
2.857329999999999939e-02 -7.217920288848755916e-02
2.859520000000000117e-02 -4.468920288848754474e-02
2.861709999999999948e-02 -2.314920288848743013e-02
2.863900000000000126e-02 -4.789920288848747987e-02
2.866089999999999957e-02 -1.045692028884874780e-01
2.868280000000000135e-02 -1.457792028884874469e-01
2.870469999999999966e-02 -1.558392028884874048e-01
2.872660000000000144e-02 -1.617992028884873701e-01
2.874849999999999975e-02 -1.400892028884874740e-01
2.877040000000000153e-02 -6.990920288848756492e-02
2.879229999999999984e-02 -2.765920288848744413e-02
2.881420000000000162e-02 -6.542920288848752541e-02
2.883600000000000052e-02 -1.302092028884875852e-01
2.885789999999999883e-02 -1.550292028884874274e-01
2.887980000000000061e-02 -1.197992028884875548e-01
2.890169999999999892e-02 -7.100920288848744377e-02
2.892360000000000070e-02 -5.045920288848737556e-02
2.894549999999999901e-02 -4.663920288848744100e-02
2.896740000000000079e-02 -4.945920288848748569e-02
2.898929999999999910e-02 -6.611920288848738281e-02
2.901120000000000088e-02 -1.006892028884873724e-01
2.903309999999999919e-02 -1.426192028884873952e-01
2.905500000000000096e-02 -1.577492028884874831e-01
2.907689999999999927e-02 -1.387092028884875372e-01
2.909880000000000105e-02 -1.335792028884874583e-01
2.912069999999999936e-02 -1.669392028884875145e-01
2.914260000000000114e-02 -1.970792028884875702e-01
2.916449999999999945e-02 -1.857592028884875734e-01
2.918640000000000123e-02 -1.529892028884873856e-01
2.920829999999999954e-02 -1.334492028884874948e-01
2.923020000000000132e-02 -1.262392028884875561e-01
2.925209999999999963e-02 -1.220592028884874836e-01
2.927400000000000141e-02 -1.224792028884875705e-01
2.929580000000000031e-02 -1.215492028884874731e-01
2.931769999999999862e-02 -1.154892028884875188e-01
2.933960000000000040e-02 -1.145092028884875379e-01
2.936149999999999871e-02 -1.233992028884873804e-01
2.938340000000000049e-02 -1.294092028884874512e-01
2.940529999999999880e-02 -1.165892028884873977e-01
2.942720000000000058e-02 -8.817920288848757338e-02
2.944909999999999889e-02 -7.589920288848750474e-02
2.947100000000000067e-02 -1.018092028884873823e-01
2.949289999999999898e-02 -1.344592028884874502e-01
2.951480000000000076e-02 -1.406692028884874990e-01
2.953669999999999907e-02 -1.308592028884874026e-01
2.955860000000000085e-02 -1.189692028884874464e-01
2.958049999999999916e-02 -1.118892028884874712e-01
2.960240000000000093e-02 -1.122592028884874527e-01
2.962429999999999924e-02 -1.158992028884875403e-01
2.964620000000000102e-02 -1.115992028884875698e-01
2.966809999999999933e-02 -9.015920288848744413e-02
2.969000000000000111e-02 -6.077920288848748243e-02
2.971189999999999942e-02 -3.956920288848753131e-02
2.973380000000000120e-02 -3.173920288848752769e-02
2.975560000000000010e-02 -2.531920288848743539e-02
2.977749999999999841e-02 -1.260920288848765836e-02
2.979940000000000019e-02 -1.459920288848737258e-02
2.982129999999999850e-02 -4.049920288848740668e-02
2.984320000000000028e-02 -4.187920288848756556e-02
2.986509999999999859e-02 1.290797111512365092e-03
2.988700000000000037e-02 2.985079711151250592e-02
2.990889999999999868e-02 1.769079711151233525e-02
2.993080000000000046e-02 1.530079711151266508e-02
2.995269999999999877e-02 3.803079711151235998e-02
2.997460000000000055e-02 4.316079711151266096e-02
2.999649999999999886e-02 3.517079711151271937e-02
3.001840000000000064e-02 4.637079711151237404e-02
3.004029999999999895e-02 6.324079711151231464e-02
3.006220000000000073e-02 6.283079711151273727e-02
3.008409999999999904e-02 5.619079711151231393e-02
3.010600000000000082e-02 6.017079711151263055e-02
3.012789999999999913e-02 5.751079711151252383e-02
3.014980000000000090e-02 3.231079711151263467e-02
3.017169999999999921e-02 1.470079711151273116e-02
3.019360000000000099e-02 3.401079711151266949e-02
3.021539999999999990e-02 6.771079711151273273e-02
3.023730000000000168e-02 8.087079711151234918e-02
3.025919999999999999e-02 8.680079711151256205e-02
3.028109999999999830e-02 1.136407971115125370e-01
3.030300000000000007e-02 1.429807971115124587e-01
3.032489999999999838e-02 1.525207971115123406e-01
3.034680000000000016e-02 1.531107971115126531e-01
3.036869999999999847e-02 1.491207971115127151e-01
3.039060000000000025e-02 1.317707971115127386e-01
3.041249999999999856e-02 1.231507971115126665e-01
3.043440000000000034e-02 1.457807971115125945e-01
3.045629999999999865e-02 1.712907971115127381e-01
3.047820000000000043e-02 1.799707971115123151e-01
3.050009999999999874e-02 1.922307971115126968e-01
3.052200000000000052e-02 2.114207971115127371e-01
3.054389999999999883e-02 2.207307971115124445e-01
3.056580000000000061e-02 2.168607971115124045e-01
3.058769999999999892e-02 1.959707971115123293e-01
3.060960000000000070e-02 1.750607971115125672e-01
3.063149999999999901e-02 1.859207971115126590e-01
3.065340000000000079e-02 2.083907971115124269e-01
3.067519999999999969e-02 2.006607971115124123e-01
3.069710000000000147e-02 1.743207971115126043e-01
3.071899999999999978e-02 1.597407971115125669e-01
3.074090000000000156e-02 1.475307971115125127e-01
3.076279999999999987e-02 1.289607971115125373e-01
3.078470000000000165e-02 1.199907971115123928e-01
3.080659999999999996e-02 1.104307971115123799e-01
3.082849999999999827e-02 9.521079711151259062e-02
3.085040000000000004e-02 9.271079711151264391e-02
3.087229999999999835e-02 9.978079711151233155e-02
3.089420000000000013e-02 9.980079711151246258e-02
3.091609999999999844e-02 1.021107971115124968e-01
3.093800000000000022e-02 1.154907971115126664e-01
3.095989999999999853e-02 1.122307971115126257e-01
3.098180000000000031e-02 8.365079711151235387e-02
3.100369999999999862e-02 6.722079711151263126e-02
3.102560000000000040e-02 7.357079711151248702e-02
3.104749999999999871e-02 7.794079711151269407e-02
3.106940000000000049e-02 8.122079711151242165e-02
3.109129999999999880e-02 8.758079711151234292e-02
3.111320000000000058e-02 8.189079711151237007e-02
3.113509999999999889e-02 7.124079711151232175e-02
3.115690000000000126e-02 7.746079711151265812e-02
3.117879999999999957e-02 7.823079711151237348e-02
3.120070000000000135e-02 5.732079711151261137e-02
3.122259999999999966e-02 3.735079711151234605e-02
3.124450000000000144e-02 3.903079711151269393e-02
3.126639999999999975e-02 4.739079711151239493e-02
3.128829999999999806e-02 3.475079711151263240e-02
3.131020000000000331e-02 2.325079711151234463e-02
3.133210000000000162e-02 2.031079711151262401e-02
3.135399999999999993e-02 9.390797111512583228e-03
3.137589999999999824e-02 -2.800920288848751660e-02
3.139779999999999655e-02 -2.831920288848754907e-02
3.141970000000000179e-02 -2.697920288848743020e-02
3.144160000000000010e-02 -6.710920288848742921e-02
3.146349999999999841e-02 -8.248920288848737847e-02
3.148539999999999672e-02 -7.335920288848751802e-02
3.150730000000000197e-02 -6.406920288848749756e-02
3.152920000000000028e-02 -6.169920288848751433e-02
3.155109999999999859e-02 -7.065920288848737130e-02
3.157299999999999690e-02 -6.499920288848737293e-02
3.159490000000000215e-02 -4.043920288848745770e-02
3.161669999999999758e-02 -4.462920288848737371e-02
3.163860000000000283e-02 -8.301920288848751994e-02
3.166050000000000114e-02 -1.150892028884875629e-01
3.168239999999999945e-02 -1.207392028884874957e-01
3.170429999999999776e-02 -1.106992028884874468e-01
3.172620000000000301e-02 -9.478920288848757814e-02
3.174810000000000132e-02 -7.582920288848749024e-02
3.176999999999999963e-02 -7.400920288848755746e-02
3.179189999999999794e-02 -8.288920288848755646e-02
3.181380000000000319e-02 -8.700920288848745798e-02
3.183570000000000150e-02 -8.855920288848739830e-02
3.185759999999999981e-02 -9.258920288848737634e-02
3.187949999999999812e-02 -9.456920288848746914e-02
3.190140000000000337e-02 -7.627920288848755170e-02
3.192330000000000167e-02 -4.994920288848758716e-02
3.194519999999999998e-02 -4.797920288848755987e-02
3.196709999999999829e-02 -7.602920288848746821e-02
3.198899999999999660e-02 -1.075892028884875007e-01
3.201090000000000185e-02 -1.247092028884875248e-01
3.203280000000000016e-02 -1.250192028884875572e-01
3.205469999999999847e-02 -1.256692028884873746e-01
3.207650000000000085e-02 -1.360192028884874560e-01
3.209839999999999915e-02 -1.344792028884875812e-01
3.212029999999999746e-02 -1.196092028884874203e-01
3.214220000000000271e-02 -1.227892028884873810e-01
3.216410000000000102e-02 -1.503592028884874754e-01
3.218599999999999933e-02 -1.814192028884875629e-01
3.220789999999999764e-02 -1.864192028884874563e-01
3.222980000000000289e-02 -1.576592028884875596e-01
3.225170000000000120e-02 -1.384692028884875192e-01
3.227359999999999951e-02 -1.574492028884875161e-01
3.229549999999999782e-02 -1.802692028884875786e-01
3.231740000000000307e-02 -1.715592028884875830e-01
3.233930000000000138e-02 -1.527192028884873931e-01
3.236119999999999969e-02 -1.485992028884874916e-01
3.238309999999999800e-02 -1.354492028884874966e-01
3.240500000000000325e-02 -1.033392028884874136e-01
3.242690000000000156e-02 -8.794920288848739887e-02
3.244879999999999987e-02 -1.091392028884874410e-01
3.247069999999999818e-02 -1.445892028884874225e-01
3.249260000000000342e-02 -1.601792028884874153e-01
3.251439999999999886e-02 -1.495292028884873670e-01
3.253629999999999717e-02 -1.250392028884874662e-01
3.255820000000000242e-02 -9.157920288848742096e-02
3.258010000000000073e-02 -6.448920288848758453e-02
3.260199999999999904e-02 -6.145920288848749635e-02
3.262389999999999735e-02 -8.357920288848741386e-02
3.264580000000000259e-02 -1.125492028884875761e-01
3.266770000000000090e-02 -1.221092028884873670e-01
3.268959999999999921e-02 -1.148192028884875704e-01
3.271149999999999752e-02 -1.168792028884875212e-01
3.273340000000000277e-02 -1.349592028884873951e-01
3.275530000000000108e-02 -1.464192028884874208e-01
3.277719999999999939e-02 -1.454192028884875310e-01
3.279909999999999770e-02 -1.433392028884874492e-01
3.282100000000000295e-02 -1.387492028884875772e-01
3.284290000000000126e-02 -1.283892028884874303e-01
3.286479999999999957e-02 -1.172192028884875281e-01
3.288669999999999788e-02 -1.052592028884875575e-01
3.290860000000000313e-02 -8.690920288848746900e-02
3.293050000000000144e-02 -7.544920288848744327e-02
3.295239999999999975e-02 -8.552920288848753216e-02
3.297429999999999806e-02 -1.019392028884875678e-01
3.299610000000000043e-02 -8.890920288848747077e-02
3.301799999999999874e-02 -3.902920288848754637e-02
3.303989999999999705e-02 1.152079711151232644e-02
3.306180000000000230e-02 3.953079711151241682e-02
3.308370000000000061e-02 6.972079711151257797e-02
3.310559999999999892e-02 1.187807971115124595e-01
3.312749999999999723e-02 1.602107971115125373e-01
3.314940000000000248e-02 1.843707971115127187e-01
3.317130000000000078e-02 2.015307971115123387e-01
3.319319999999999909e-02 2.093507971115124988e-01
3.321509999999999740e-02 2.092207971115125353e-01
3.323700000000000265e-02 2.101807971115126072e-01
3.325890000000000096e-02 2.181707971115125488e-01
3.328079999999999927e-02 2.221307971115127344e-01
3.330269999999999758e-02 2.084407971115123104e-01
3.332460000000000283e-02 1.972507971115127212e-01
3.334650000000000114e-02 2.106507971115125777e-01
3.336839999999999945e-02 2.306707971115127265e-01
3.339029999999999776e-02 2.274507971115125038e-01
3.341220000000000301e-02 2.044407971115123068e-01
3.343410000000000132e-02 1.864707971115127094e-01
3.345589999999999675e-02 1.730107971115124599e-01
3.347780000000000200e-02 1.506807971115127209e-01
3.349970000000000031e-02 1.239007971115126949e-01
3.352159999999999862e-02 1.022207971115123293e-01
3.354349999999999693e-02 8.233079711151258806e-02
3.356540000000000218e-02 7.165079711151234321e-02
3.358730000000000049e-02 8.608079711151273017e-02
3.360919999999999880e-02 1.087507971115124761e-01
3.363109999999999711e-02 1.194107971115125899e-01
3.365300000000000236e-02 1.316907971115126585e-01
3.367490000000000067e-02 1.533707971115125801e-01
3.369679999999999898e-02 1.655807971115126342e-01
3.371869999999999729e-02 1.573507971115124526e-01
3.374060000000000253e-02 1.387107971115124627e-01
3.376250000000000084e-02 1.322907971115125925e-01
3.378439999999999915e-02 1.455407971115123544e-01
3.380629999999999746e-02 1.575007971115125471e-01
3.382820000000000271e-02 1.500007971115127070e-01
3.385010000000000102e-02 1.330307971115125554e-01
3.387199999999999933e-02 1.250507971115126793e-01
3.389389999999999764e-02 1.241307971115124253e-01
3.391570000000000001e-02 1.283707971115126689e-01
3.393759999999999832e-02 1.456907971115124489e-01
3.395949999999999663e-02 1.546407971115124624e-01
3.398140000000000188e-02 1.393607971115127242e-01
3.400330000000000019e-02 1.223307971115126236e-01
3.402519999999999850e-02 1.259607971115124236e-01
3.404709999999999681e-02 1.281007971115126765e-01
3.406900000000000206e-02 1.050807971115124140e-01
3.409090000000000037e-02 8.070079711151256774e-02
3.411279999999999868e-02 6.741079711151254372e-02
3.413469999999999699e-02 4.631079711151242506e-02
3.415660000000000224e-02 2.976079711151236040e-02
3.417850000000000055e-02 3.959079711151236580e-02
3.420039999999999886e-02 5.780079711151264732e-02
3.422229999999999717e-02 6.513079711151270601e-02
3.424420000000000242e-02 6.106079711151268796e-02
3.426610000000000072e-02 4.902079711151241526e-02
3.428799999999999903e-02 3.410079711151237092e-02
3.430989999999999734e-02 3.194079711151243117e-02
3.433180000000000259e-02 4.016079711151254727e-02
3.435370000000000090e-02 3.849079711151270899e-02
3.437550000000000328e-02 1.794079711151264078e-02
3.439740000000000159e-02 -3.509202888487550354e-03
3.441929999999999990e-02 -1.694920288848766887e-02
3.444119999999999820e-02 -3.998920288848739624e-02
3.446310000000000345e-02 -5.819920288848745571e-02
3.448500000000000176e-02 -6.902920288848757302e-02
3.450690000000000007e-02 -7.562920288848751227e-02
3.452879999999999838e-02 -9.722920288848757586e-02
3.455069999999999669e-02 -8.154920288848743759e-02
3.457260000000000194e-02 -5.860920288848747717e-02
3.459450000000000025e-02 -8.909920288848738323e-02
3.461639999999999856e-02 -1.192492028884875044e-01
3.463829999999999687e-02 -1.237292028884875439e-01
3.466020000000000212e-02 -1.095292028884875535e-01
3.468210000000000043e-02 -9.867920288848752719e-02
3.470399999999999874e-02 -1.124092028884875472e-01
3.472589999999999705e-02 -1.254992028884873712e-01
3.474780000000000230e-02 -1.181992028884875090e-01
3.476970000000000061e-02 -1.253092028884874587e-01
3.479159999999999892e-02 -1.592892028884875799e-01
3.481349999999999723e-02 -1.856992028884874024e-01
3.483529999999999960e-02 -1.832392028884874957e-01
3.485719999999999791e-02 -1.653292028884874032e-01
3.487910000000000316e-02 -1.507892028884874058e-01
3.490100000000000147e-02 -1.390292028884874131e-01
3.492289999999999978e-02 -1.327292028884874409e-01
3.494479999999999809e-02 -1.331792028884875023e-01
3.496670000000000333e-02 -1.436892028884875216e-01
3.498860000000000164e-02 -1.564492028884874042e-01
3.501049999999999995e-02 -1.546292028884874714e-01
3.503239999999999826e-02 -1.348592028884874061e-01
3.505429999999999657e-02 -1.002692028884875075e-01
3.507620000000000182e-02 -5.918920288848750211e-02
3.509810000000000013e-02 -3.582920288848745471e-02
3.511999999999999844e-02 -4.920920288848740221e-02
3.514189999999999675e-02 -8.754920288848744292e-02
3.516380000000000200e-02 -1.225492028884875850e-01
3.518570000000000031e-02 -1.276492028884874674e-01
3.520759999999999862e-02 -1.211192028884875427e-01
3.522949999999999693e-02 -1.295292028884875712e-01
3.525140000000000218e-02 -1.362492028884874085e-01
3.527330000000000049e-02 -1.265992028884874721e-01
3.529510000000000286e-02 -1.088892028884875796e-01
3.531700000000000117e-02 -9.530920288848743205e-02
3.533889999999999948e-02 -9.382920288848750623e-02
3.536079999999999779e-02 -9.485920288848737059e-02
3.538270000000000304e-02 -8.266920288848744747e-02
3.540460000000000135e-02 -7.131920288848747624e-02
3.542649999999999966e-02 -8.705920288848756350e-02
3.544839999999999797e-02 -1.158392028884873692e-01
3.547030000000000322e-02 -1.272592028884875770e-01
3.549220000000000153e-02 -1.250792028884875062e-01
3.551409999999999983e-02 -1.284892028884874193e-01
3.553599999999999814e-02 -1.356592028884875401e-01
3.555790000000000339e-02 -1.353892028884875476e-01
3.557980000000000170e-02 -1.355992028884873690e-01
3.560170000000000001e-02 -1.460292028884875304e-01
3.562359999999999832e-02 -1.522592028884874882e-01
3.564549999999999663e-02 -1.456292028884875744e-01
3.566740000000000188e-02 -1.359592028884875070e-01
3.568930000000000019e-02 -1.162092028884875727e-01
3.571119999999999850e-02 -7.911920288848750538e-02
3.573309999999999681e-02 -4.380920288848755284e-02
3.575489999999999918e-02 -3.504920288848745180e-02
3.577679999999999749e-02 -6.919920288848757650e-02
3.579870000000000274e-02 -1.214392028884874186e-01
3.582060000000000105e-02 -1.422292028884875048e-01
3.584249999999999936e-02 -1.294092028884874512e-01
3.586439999999999767e-02 -1.184992028884874760e-01
3.588630000000000292e-02 -1.265692028884874976e-01
3.590820000000000123e-02 -1.319892028884874779e-01
3.593009999999999954e-02 -1.239192028884874563e-01
3.595199999999999785e-02 -1.160492028884874127e-01
3.597390000000000310e-02 -1.110492028884875193e-01
3.599580000000000141e-02 -1.040892028884874421e-01
3.601769999999999972e-02 -9.417920288848757870e-02
3.603959999999999803e-02 -8.258920288848736746e-02
3.606150000000000327e-02 -6.745920288848750168e-02
3.608340000000000158e-02 -5.537920288848741102e-02
3.610529999999999989e-02 -5.950920288848737805e-02
3.612719999999999820e-02 -6.850920288848749706e-02
3.614910000000000345e-02 -4.192920288848744903e-02
3.617100000000000176e-02 2.364079711151267915e-02
3.619290000000000007e-02 7.752079711151260710e-02
3.621479999999999838e-02 1.000507971115123240e-01
3.623660000000000075e-02 1.299107971115125437e-01
3.625849999999999906e-02 1.768107971115124855e-01
3.628039999999999737e-02 2.076707971115125950e-01
3.630230000000000262e-02 2.263807971115125994e-01
3.632420000000000093e-02 2.403707971115123243e-01
3.634609999999999924e-02 2.308007971115126900e-01
3.636799999999999755e-02 2.118507971115124455e-01
3.638990000000000280e-02 2.139807971115126328e-01
3.641180000000000111e-02 2.265907971115126429e-01
3.643369999999999942e-02 2.130007971115124299e-01
3.645559999999999773e-02 1.734907971115124958e-01
3.647750000000000298e-02 1.479607971115126652e-01
3.649940000000000129e-02 1.496607971115127000e-01
3.652129999999999960e-02 1.564507971115123297e-01
3.654319999999999791e-02 1.527207971115123186e-01
3.656510000000000316e-02 1.407407971115124390e-01
3.658700000000000147e-02 1.353307971115125241e-01
3.660889999999999977e-02 1.427107971115124663e-01
3.663079999999999808e-02 1.492307971115125476e-01
3.665270000000000333e-02 1.408807971115124680e-01
3.667449999999999877e-02 1.245007971115126288e-01
3.669639999999999708e-02 1.088307971115125561e-01
3.671830000000000233e-02 9.824079711151245675e-02
3.674020000000000064e-02 1.050907971115124795e-01
3.676209999999999894e-02 1.299207971115126092e-01
3.678399999999999725e-02 1.569407971115124312e-01
3.680590000000000250e-02 1.739807971115125973e-01
3.682780000000000081e-02 1.855407971115123900e-01
3.684969999999999912e-02 1.953107971115124464e-01
3.687159999999999743e-02 1.911407971115126614e-01
3.689350000000000268e-02 1.683307971115124424e-01
3.691540000000000099e-02 1.531407971115124056e-01
3.693729999999999930e-02 1.664707971115126917e-01
3.695919999999999761e-02 1.896607971115127356e-01
3.698110000000000286e-02 1.947907971115125925e-01
3.700300000000000117e-02 1.865307971115126584e-01
3.702489999999999948e-02 1.884107971115125402e-01
3.704679999999999779e-02 2.004107971115125508e-01
3.706870000000000304e-02 2.123707971115127435e-01
3.709060000000000135e-02 2.261007971115125414e-01
3.711249999999999966e-02 2.268207971115123733e-01
3.713430000000000203e-02 2.038607971115125039e-01
3.715620000000000034e-02 1.790407971115124397e-01
3.717809999999999865e-02 1.764507971115123475e-01
3.719999999999999696e-02 1.773607971115125359e-01
3.722190000000000221e-02 1.599607971115126759e-01
3.724380000000000052e-02 1.481507971115125777e-01
3.726569999999999883e-02 1.496707971115123215e-01
3.728759999999999714e-02 1.329707971115126064e-01
3.730950000000000238e-02 9.855079711151271127e-02
3.733140000000000069e-02 7.340079711151270558e-02
3.735329999999999900e-02 5.909079711151266068e-02
3.737519999999999731e-02 4.834079711151240133e-02
3.739710000000000256e-02 3.875079711151263595e-02
3.741900000000000087e-02 3.303079711151246656e-02
3.744089999999999918e-02 3.037079711151235983e-02
3.746279999999999749e-02 3.063079711151273088e-02
3.748470000000000274e-02 3.432079711151247992e-02
3.750660000000000105e-02 3.774079711151268057e-02
3.752849999999999936e-02 2.883079711151248503e-02
3.755039999999999767e-02 1.078079711151236353e-02
3.757230000000000292e-02 -5.909202888487286032e-03
3.759420000000000123e-02 -2.635920288848758730e-02
3.761599999999999666e-02 -3.804920288848756549e-02
3.763790000000000191e-02 -3.875920288848755391e-02
3.765980000000000022e-02 -3.082920288848756130e-02
3.768169999999999853e-02 -4.577920288848758013e-02
3.770359999999999684e-02 -3.124920288848742622e-02
3.772550000000000209e-02 -3.069202888487332359e-03
3.774740000000000040e-02 -2.073920288848740690e-02
3.776929999999999871e-02 -5.411920288848737215e-02
3.779119999999999702e-02 -8.617920288848757160e-02
3.781310000000000227e-02 -9.651920288848758744e-02
3.783500000000000058e-02 -9.212920288848747141e-02
3.785689999999999888e-02 -1.077292028884875297e-01
3.787879999999999719e-02 -1.298592028884875127e-01
3.790070000000000244e-02 -1.377492028884874653e-01
3.792260000000000075e-02 -1.505692028884875189e-01
3.794449999999999906e-02 -1.755592028884875866e-01
3.796639999999999737e-02 -1.944692028884875690e-01
3.798830000000000262e-02 -1.882492028884874546e-01
3.801020000000000093e-02 -1.574692028884874251e-01
3.803209999999999924e-02 -1.244692028884875068e-01
3.805390000000000161e-02 -1.075892028884875007e-01
3.807579999999999992e-02 -1.145092028884875379e-01
3.809769999999999823e-02 -1.382592028884874757e-01
3.811959999999999654e-02 -1.651892028884873742e-01
3.814150000000000179e-02 -1.749592028884874306e-01
3.816340000000000010e-02 -1.692392028884874833e-01
3.818529999999999841e-02 -1.671892028884873760e-01
3.820719999999999672e-02 -1.635892028884875504e-01
3.822910000000000197e-02 -1.398492028884874561e-01
3.825100000000000028e-02 -1.149392028884874684e-01
3.827289999999999859e-02 -1.186092028884875305e-01
3.829479999999999690e-02 -1.405992028884874845e-01
3.831670000000000215e-02 -1.488292028884874441e-01
3.833860000000000046e-02 -1.297292028884875492e-01
3.836049999999999877e-02 -1.201792028884873798e-01
3.838239999999999708e-02 -1.355192028884875111e-01
3.840430000000000232e-02 -1.387192028884873807e-01
3.842620000000000063e-02 -1.234192028884875114e-01
3.844809999999999894e-02 -1.156392028884873913e-01
3.846999999999999725e-02 -1.310692028884874460e-01
3.849190000000000250e-02 -1.642792028884874078e-01
3.851369999999999794e-02 -1.770892028884873959e-01
3.853560000000000318e-02 -1.485092028884875681e-01
3.855750000000000149e-02 -1.181892028884874435e-01
3.857939999999999980e-02 -1.098192028884874549e-01
3.860129999999999811e-02 -9.791920288848743326e-02
3.862320000000000336e-02 -8.198920288848743354e-02
3.864510000000000167e-02 -9.418920288848742217e-02
3.866699999999999998e-02 -1.383392028884875558e-01
3.868889999999999829e-02 -1.758792028884874625e-01
3.871079999999999660e-02 -1.771792028884875414e-01
3.873270000000000185e-02 -1.571592028884873926e-01
3.875460000000000016e-02 -1.435192028884875182e-01
3.877649999999999847e-02 -1.401292028884875140e-01
3.879839999999999678e-02 -1.400692028884875651e-01
3.882030000000000203e-02 -1.449092028884875205e-01
3.884220000000000034e-02 -1.512792028884875073e-01
3.886409999999999865e-02 -1.488492028884875751e-01
3.888599999999999696e-02 -1.359792028884874160e-01
3.890790000000000221e-02 -1.306592028884874246e-01
3.892980000000000051e-02 -1.465992028884874898e-01
3.895169999999999882e-02 -1.578592028884875376e-01
3.897359999999999713e-02 -1.395592028884875546e-01
3.899539999999999951e-02 -1.053892028884875209e-01
3.901729999999999782e-02 -7.497920288848747283e-02
3.903920000000000307e-02 -6.173920288848755433e-02
3.906110000000000138e-02 -6.586920288848752136e-02
3.908299999999999969e-02 -7.571920288848743574e-02
3.910489999999999799e-02 -7.669920288848741663e-02
3.912680000000000324e-02 -5.800920288848754325e-02
3.914870000000000155e-02 -2.494920288848745393e-02
3.917059999999999986e-02 7.130797111512432451e-03
3.919249999999999817e-02 3.277079711151253960e-02
3.921440000000000342e-02 6.392079711151232857e-02
3.923630000000000173e-02 1.024507971115125038e-01
3.925820000000000004e-02 1.213007971115125372e-01
3.928009999999999835e-02 1.016907971115124099e-01
3.930199999999999666e-02 8.364079711151273244e-02
3.932390000000000191e-02 1.035507971115126047e-01
3.934580000000000022e-02 1.216307971115124786e-01
3.936769999999999853e-02 9.970079711151269564e-02
3.938959999999999684e-02 7.826079711151257001e-02
3.941150000000000209e-02 8.868079711151244382e-02
3.943329999999999752e-02 9.570079711151269208e-02
3.945520000000000277e-02 9.014079711151268270e-02
3.947710000000000108e-02 9.255079711151248389e-02
3.949899999999999939e-02 9.556079711151266309e-02
3.952089999999999770e-02 9.395079711151232971e-02
3.954280000000000295e-02 1.028807971115126563e-01
3.956470000000000126e-02 1.261607971115124016e-01
3.958659999999999957e-02 1.401907971115123885e-01
3.960849999999999788e-02 1.327807971115126939e-01
3.963040000000000312e-02 1.301707971115124707e-01
3.965230000000000143e-02 1.530407971115126387e-01
3.967419999999999974e-02 1.887607971115126126e-01
3.969609999999999805e-02 2.107507971115123446e-01
3.971800000000000330e-02 2.123907971115124305e-01
3.973990000000000161e-02 2.134907971115125314e-01
3.976179999999999992e-02 2.182807971115123813e-01
3.978369999999999823e-02 2.165407971115125285e-01
3.980559999999999654e-02 2.096107971115124258e-01
3.982750000000000179e-02 2.029407971115126941e-01
3.984940000000000010e-02 1.930807971115124921e-01
3.987129999999999841e-02 1.824607971115126404e-01
3.989319999999999672e-02 1.846307971115126456e-01
3.991499999999999909e-02 1.938307971115125206e-01
3.993689999999999740e-02 1.942407971115125420e-01
3.995880000000000265e-02 1.897407971115123715e-01
3.998070000000000096e-02 1.921407971115125513e-01
4.000259999999999927e-02 2.025107971115125416e-01
4.002449999999999758e-02 2.073207971115125225e-01
4.004640000000000283e-02 1.927407971115124852e-01
4.006830000000000114e-02 1.818407971115125754e-01
4.009019999999999945e-02 2.040207971115126639e-01
4.011209999999999776e-02 2.342307971115125120e-01
4.013400000000000301e-02 2.298107971115124215e-01
4.015590000000000132e-02 2.040607971115124819e-01
4.017779999999999963e-02 1.956707971115125844e-01
4.019969999999999793e-02 1.899807971115126115e-01
4.022160000000000318e-02 1.598507971115123993e-01
4.024350000000000149e-02 1.327507971115124974e-01
4.026539999999999980e-02 1.213107971115126027e-01
4.028729999999999811e-02 1.063407971115126749e-01
4.030920000000000336e-02 8.848079711151246585e-02
4.033110000000000167e-02 8.952079711151261776e-02
4.035299999999999998e-02 1.006507971115127020e-01
4.037480000000000235e-02 9.547079711151251757e-02
4.039670000000000066e-02 8.727079711151253250e-02
4.041859999999999897e-02 8.431079711151268086e-02
4.044049999999999728e-02 6.545079711151258195e-02
4.046240000000000253e-02 4.297079711151230441e-02
4.048430000000000084e-02 4.174079711151268413e-02
4.050619999999999915e-02 4.763079711151263496e-02
4.052809999999999746e-02 4.181079711151269862e-02
4.055000000000000271e-02 2.687079711151252326e-02
4.057190000000000102e-02 1.665079711151262742e-02
4.059379999999999933e-02 1.268079711151237632e-02
4.061569999999999764e-02 1.345079711151253576e-02
4.063760000000000289e-02 1.874079711151255268e-02
4.065950000000000120e-02 2.101079711151232488e-02
4.068139999999999951e-02 9.270797111512685262e-03
4.070329999999999782e-02 -6.092028884876476980e-04
4.072520000000000306e-02 7.520797111512322886e-03
4.074710000000000137e-02 7.400797111512424920e-03
4.076899999999999968e-02 -7.779202888487546375e-03
4.079089999999999799e-02 -2.339920288848751362e-02
4.081280000000000324e-02 -2.149920288848750083e-02
4.083459999999999868e-02 -3.568920288848742572e-02
4.085649999999999699e-02 -3.211920288848757465e-02
4.087840000000000223e-02 -3.287920288848744654e-02
4.090030000000000054e-02 -8.134920288848745962e-02
4.092219999999999885e-02 -1.204992028884874777e-01
4.094409999999999716e-02 -1.426192028884873952e-01
4.096600000000000241e-02 -1.537692028884873885e-01
4.098790000000000072e-02 -1.483092028884873681e-01
4.100979999999999903e-02 -1.445092028884875646e-01
4.103169999999999734e-02 -1.351492028884875296e-01
4.105360000000000259e-02 -1.053192028884875064e-01
4.107550000000000090e-02 -9.187920288848738792e-02
4.109739999999999921e-02 -1.145692028884874869e-01
4.111929999999999752e-02 -1.407492028884875790e-01
4.114120000000000277e-02 -1.489292028884874330e-01
4.116310000000000108e-02 -1.485592028884874516e-01
4.118499999999999939e-02 -1.421492028884874248e-01
4.120689999999999770e-02 -1.221892028884874470e-01
4.122880000000000295e-02 -1.050992028884873974e-01
4.125070000000000126e-02 -1.163792028884875762e-01
4.127259999999999956e-02 -1.520792028884874192e-01
4.129440000000000194e-02 -1.664392028884875696e-01
4.131630000000000025e-02 -1.433492028884875147e-01
4.133819999999999856e-02 -1.229892028884875810e-01
4.136009999999999687e-02 -1.039792028884873876e-01
4.138200000000000212e-02 -5.921920288848747660e-02
4.140390000000000043e-02 -2.186920288848748228e-02
4.142579999999999874e-02 -2.778920288848740761e-02
4.144769999999999704e-02 -6.022920288848743198e-02
4.146960000000000229e-02 -8.811920288848740235e-02
4.149150000000000060e-02 -8.644920288848756407e-02
4.151339999999999891e-02 -8.259920288848743297e-02
4.153529999999999722e-02 -1.070492028884875158e-01
4.155720000000000247e-02 -1.239992028884875364e-01
4.157910000000000078e-02 -1.087392028884874851e-01
4.160099999999999909e-02 -9.348920288848749927e-02
4.162289999999999740e-02 -1.065492028884875708e-01
4.164480000000000265e-02 -1.406092028884875500e-01
4.166670000000000096e-02 -1.552892028884875764e-01
4.168859999999999927e-02 -1.269292028884874135e-01
4.171049999999999758e-02 -1.012592028884875539e-01
4.173240000000000283e-02 -1.125692028884874851e-01
4.175419999999999826e-02 -1.324792028884875794e-01
4.177609999999999657e-02 -1.355792028884874600e-01
4.179800000000000182e-02 -1.333992028884873893e-01
4.181990000000000013e-02 -1.323092028884875759e-01
4.184179999999999844e-02 -1.132492028884874991e-01
4.186369999999999675e-02 -8.305920288848755995e-02
4.188560000000000200e-02 -7.562920288848751227e-02
4.190750000000000031e-02 -9.547920288848743553e-02
4.192939999999999862e-02 -1.107992028884874358e-01
4.195129999999999693e-02 -1.054192028884874954e-01
4.197320000000000217e-02 -1.094792028884874480e-01
4.199510000000000048e-02 -1.279792028884874089e-01
4.201699999999999879e-02 -1.211792028884874917e-01
4.203889999999999710e-02 -8.780920288848736988e-02
4.206080000000000235e-02 -6.957920288848740142e-02
4.208270000000000066e-02 -8.637920288848754957e-02
4.210459999999999897e-02 -1.072492028884874937e-01
4.212649999999999728e-02 -1.050192028884875395e-01
4.214840000000000253e-02 -9.585920288848748250e-02
4.217030000000000084e-02 -9.279920288848741983e-02
4.219219999999999915e-02 -9.518920288848753408e-02
4.221400000000000152e-02 -1.020792028884873748e-01
4.223589999999999983e-02 -1.157492028884874458e-01
4.225779999999999814e-02 -1.292992028884873967e-01
4.227970000000000339e-02 -1.246992028884874593e-01
4.230160000000000170e-02 -1.042392028884875366e-01
4.232350000000000001e-02 -9.277920288848751085e-02
4.234539999999999832e-02 -9.955920288848751909e-02
4.236729999999999663e-02 -1.001892028884874275e-01
4.238920000000000188e-02 -7.563920288848757778e-02
4.241110000000000019e-02 -4.736920288848756044e-02
4.243299999999999850e-02 -4.575920288848744910e-02
4.245489999999999681e-02 -4.677920288848746999e-02
4.247680000000000206e-02 -1.784920288848734771e-02
4.249870000000000037e-02 1.200079711151236239e-02
4.252059999999999867e-02 1.136079711151261051e-02
4.254249999999999698e-02 1.197079711151260994e-02
4.256440000000000223e-02 4.304079711151231891e-02
4.258630000000000054e-02 7.821079711151268654e-02
4.260819999999999885e-02 1.081107971115127242e-01
4.263009999999999716e-02 1.494207971115124600e-01
4.265200000000000241e-02 1.915407971115126173e-01
4.267379999999999785e-02 2.158507971115124491e-01
4.269570000000000309e-02 2.290807971115125241e-01
4.271760000000000140e-02 2.518007971115125976e-01
4.273949999999999971e-02 2.729607971115126652e-01
4.276139999999999802e-02 2.594707971115126632e-01
4.278330000000000327e-02 2.277907971115125108e-01
4.280520000000000158e-02 2.210307971115126335e-01
4.282709999999999989e-02 2.291007971115126551e-01
4.284899999999999820e-02 2.136307971115125603e-01
4.287090000000000345e-02 1.816207971115124664e-01
4.289280000000000176e-02 1.686007971115124349e-01
4.291470000000000007e-02 1.702007971115127027e-01
4.293659999999999838e-02 1.565907971115123587e-01
4.295849999999999669e-02 1.284207971115125524e-01
4.298040000000000194e-02 1.097007971115124825e-01
4.300230000000000025e-02 1.058307971115124424e-01
4.302419999999999856e-02 1.102307971115124019e-01
4.304609999999999687e-02 1.225907971115125505e-01
4.306800000000000211e-02 1.296707971115123037e-01
4.308990000000000042e-02 1.229907971115125065e-01
4.311179999999999873e-02 1.198207971115126114e-01
4.313360000000000111e-02 1.266307971115123721e-01
4.315549999999999942e-02 1.227407971115126450e-01
4.317739999999999773e-02 9.649079711151253846e-02
4.319930000000000297e-02 6.027079711151239749e-02
4.322120000000000128e-02 3.903079711151269393e-02
4.324309999999999959e-02 4.216079711151232701e-02
4.326499999999999790e-02 5.211079711151267446e-02
4.328690000000000315e-02 4.898079711151259730e-02
4.330880000000000146e-02 3.634079711151239067e-02
4.333069999999999977e-02 4.022079711151249626e-02
4.335259999999999808e-02 5.956079711151263112e-02
4.337450000000000333e-02 6.515079711151239295e-02
4.339640000000000164e-02 6.100079711151273898e-02
4.341829999999999995e-02 5.868079711151263922e-02
4.344019999999999826e-02 5.052079711151247210e-02
4.346209999999999657e-02 4.397079711151263837e-02
4.348400000000000182e-02 6.555079711151234889e-02
4.350590000000000013e-02 1.008907971115124980e-01
4.352779999999999844e-02 1.147107971115124414e-01
4.354969999999999675e-02 1.242407971115127019e-01
4.357160000000000200e-02 1.473407971115126003e-01
4.359339999999999743e-02 1.502507971115125684e-01
4.361530000000000268e-02 1.203707971115126618e-01
4.363720000000000099e-02 8.453079711151234577e-02
4.365909999999999930e-02 4.843079711151254685e-02
4.368099999999999761e-02 8.360797111512496826e-03
4.370290000000000286e-02 -2.150920288848756634e-02
4.372480000000000117e-02 -3.029920288848741983e-02
4.374669999999999948e-02 -3.520920288848738977e-02
4.376859999999999778e-02 -4.832920288848741031e-02
4.379050000000000303e-02 -6.388920288848742857e-02
4.381240000000000134e-02 -7.705920288848755462e-02
4.383429999999999965e-02 -9.384920288848741521e-02
4.385619999999999796e-02 -1.020092028884875823e-01
4.387810000000000321e-02 -9.483920288848746161e-02
4.390000000000000152e-02 -1.078892028884874676e-01
4.392189999999999983e-02 -1.407392028884875135e-01
4.394379999999999814e-02 -1.659792028884874426e-01
4.396570000000000339e-02 -1.649092028884875383e-01
4.398760000000000170e-02 -1.735392028884874538e-01
4.400950000000000001e-02 -1.577692028884873920e-01
4.403139999999999832e-02 -1.319092028884873979e-01
4.405320000000000069e-02 -1.395492028884874891e-01
4.407509999999999900e-02 -1.442692028884875466e-01
4.409699999999999731e-02 -1.422392028884875703e-01
4.411890000000000256e-02 -1.244592028884874413e-01
4.414080000000000087e-02 -9.843920288848750921e-02
4.416269999999999918e-02 -9.937920288848745010e-02
4.418459999999999749e-02 -1.096492028884874514e-01
4.420650000000000274e-02 -8.959920288848755021e-02
4.422840000000000105e-02 -6.579920288848750687e-02
4.425029999999999936e-02 -7.361920288848744498e-02
4.427219999999999767e-02 -9.051920288848758211e-02
4.429410000000000291e-02 -8.505920288848756172e-02
4.431600000000000122e-02 -5.542920288848751653e-02
4.433789999999999953e-02 -5.809202888487519090e-03
4.435979999999999784e-02 3.937079711151270089e-02
4.438170000000000309e-02 3.842079711151269450e-02
4.440360000000000140e-02 6.650797111512396498e-03
4.442549999999999971e-02 -2.093920288848738487e-02
4.444739999999999802e-02 -3.661920288848752314e-02
4.446930000000000327e-02 -5.141920288848744747e-02
4.449120000000000158e-02 -7.165920288848748321e-02
4.451309999999999989e-02 -7.490920288848745834e-02
4.453490000000000226e-02 -5.077920288848747354e-02
4.455680000000000057e-02 -2.476920288848738494e-02
4.457869999999999888e-02 -1.920920288848737556e-02
4.460059999999999719e-02 -3.335920288848748250e-02
4.462250000000000244e-02 -5.805920288848742672e-02
4.464440000000000075e-02 -7.360920288848737947e-02
4.466629999999999906e-02 -7.753920288848736853e-02
4.468819999999999737e-02 -7.712920288848756911e-02
4.471010000000000262e-02 -6.720920288848741819e-02
4.473200000000000093e-02 -5.272920288848736980e-02
4.475389999999999924e-02 -4.537920288848740213e-02
4.477579999999999755e-02 -5.932920288848753110e-02
4.479770000000000280e-02 -1.020892028884874403e-01
4.481960000000000111e-02 -1.353892028884875476e-01
4.484149999999999942e-02 -1.238692028884875729e-01
4.486339999999999772e-02 -9.879920288848742516e-02
4.488530000000000297e-02 -9.714920288848749585e-02
4.490720000000000128e-02 -1.080492028884874056e-01
4.492909999999999959e-02 -1.133292028884875791e-01
4.495099999999999790e-02 -1.153492028884874898e-01
4.497280000000000028e-02 -1.261792028884873851e-01
4.499469999999999859e-02 -1.385592028884874427e-01
4.501659999999999690e-02 -1.328792028884875354e-01
4.503850000000000214e-02 -1.196792028884874348e-01
4.506040000000000045e-02 -1.214292028884875752e-01
4.508229999999999876e-02 -1.297792028884874327e-01
4.510419999999999707e-02 -1.268692028884874645e-01
4.512610000000000232e-02 -1.212692028884874151e-01
4.514800000000000063e-02 -1.235992028884875804e-01
4.516989999999999894e-02 -1.178192028884874620e-01
4.519179999999999725e-02 -8.929920288848758325e-02
4.521370000000000250e-02 -5.911920288848748761e-02
4.523560000000000081e-02 -5.442920288848740462e-02
4.525749999999999912e-02 -6.074920288848750793e-02
4.527939999999999743e-02 -5.402920288848744867e-02
4.530130000000000268e-02 -4.075920288848755568e-02
4.532320000000000099e-02 -4.087920288848745365e-02
4.534509999999999930e-02 -6.336920288848757465e-02
4.536699999999999761e-02 -8.696920288848741798e-02
4.538890000000000285e-02 -9.845920288848741819e-02
4.541080000000000116e-02 -9.968920288848748257e-02
4.543259999999999660e-02 -7.915920288848754538e-02
4.545450000000000185e-02 -4.116920288848757714e-02
4.547640000000000016e-02 -1.761920288848761729e-02
4.549829999999999847e-02 -2.490920288848741393e-02
4.552019999999999678e-02 -3.587920288848756023e-02
4.554210000000000202e-02 -3.267920288848746857e-02
4.556400000000000033e-02 -4.214920288848755803e-02
4.558589999999999864e-02 -7.014920288848758290e-02
4.560779999999999695e-02 -6.493920288848742395e-02
4.562970000000000220e-02 -6.759202888487525485e-03
4.565160000000000051e-02 5.304079711151254983e-02
4.567349999999999882e-02 7.804079711151246102e-02
4.569539999999999713e-02 9.537079711151230654e-02
4.571730000000000238e-02 1.312007971115125571e-01
4.573920000000000069e-02 1.678707971115125375e-01
4.576109999999999900e-02 2.047607971115126269e-01
4.578299999999999731e-02 2.504807971115123877e-01
4.580490000000000256e-02 2.812507971115123517e-01
4.582680000000000087e-02 2.854507971115123333e-01
4.584869999999999918e-02 2.835707971115124515e-01
4.587059999999999749e-02 2.965807971115124175e-01
4.589250000000000274e-02 3.179507971115125287e-01
4.591429999999999817e-02 3.199707971115124394e-01
4.593620000000000342e-02 2.996007971115126622e-01
4.595810000000000173e-02 2.822207971115124892e-01
4.598000000000000004e-02 2.746407971115125690e-01
4.600189999999999835e-02 2.552007971115126672e-01
4.602379999999999666e-02 2.128307971115126485e-01
4.604570000000000191e-02 1.655107971115126198e-01
4.606760000000000022e-02 1.306207971115123101e-01
4.608949999999999853e-02 1.031307971115125177e-01
4.611139999999999683e-02 6.885079711151265158e-02
4.613330000000000208e-02 3.159079711151235870e-02
4.615520000000000039e-02 7.020797111512599997e-03
4.617709999999999870e-02 2.190797111512488016e-03
4.619899999999999701e-02 8.920797111512612787e-03
4.622090000000000226e-02 1.436079711151272420e-02
4.624280000000000057e-02 2.013079711151233298e-02
4.626469999999999888e-02 2.909079711151241199e-02
4.628659999999999719e-02 3.395079711151272051e-02
4.630850000000000244e-02 2.930079711151245547e-02
4.633040000000000075e-02 1.881079711151256717e-02
4.635229999999999906e-02 5.080797111512325159e-03
4.637410000000000143e-02 -1.899202888487661056e-03
4.639599999999999974e-02 1.302079711151238328e-02
4.641789999999999805e-02 3.588079711151248574e-02
4.643980000000000330e-02 3.343079711151242250e-02
4.646170000000000161e-02 9.820797111512735711e-03
4.648359999999999992e-02 1.250797111512547133e-03
4.650549999999999823e-02 6.730797111512476505e-03
4.652739999999999654e-02 5.800797111512601134e-03
4.654930000000000179e-02 5.550797111512739690e-03
4.657120000000000010e-02 1.410797111512707147e-03
4.659309999999999841e-02 -9.119202888487443204e-03
4.661499999999999672e-02 -4.709202888487418193e-03
4.663690000000000196e-02 3.068079711151261435e-02
4.665880000000000027e-02 7.255079711151246613e-02
4.668069999999999858e-02 9.028079711151271169e-02
4.670259999999999689e-02 9.674079711151239991e-02
4.672450000000000214e-02 1.034907971115126557e-01
4.674640000000000045e-02 9.432079711151253321e-02
4.676829999999999876e-02 7.138079711151235074e-02
4.679019999999999707e-02 5.202079711151252894e-02
4.681210000000000232e-02 3.835079711151268000e-02
4.683389999999999775e-02 2.658079711151239977e-02
4.685580000000000300e-02 1.273079711151270388e-02
4.687770000000000131e-02 -5.619202888487606629e-03
4.689959999999999962e-02 -2.669920288848737222e-02
4.692149999999999793e-02 -4.238920288848757600e-02
4.694340000000000318e-02 -5.144920288848742196e-02
4.696530000000000149e-02 -5.724920288848744931e-02
4.698719999999999980e-02 -6.722920288848754922e-02
4.700909999999999811e-02 -7.585920288848746473e-02
4.703100000000000336e-02 -7.458920288848758240e-02
4.705290000000000167e-02 -8.181920288848743006e-02
4.707479999999999998e-02 -9.427920288848756769e-02
4.709669999999999829e-02 -1.009492028884875214e-01
4.711859999999999660e-02 -9.481920288848755263e-02
4.714050000000000185e-02 -1.045092028884875290e-01
4.716240000000000016e-02 -7.428920288848739339e-02
4.718429999999999847e-02 -2.525920288848748640e-02
4.720619999999999677e-02 -2.161920288848739879e-02
4.722810000000000202e-02 -2.676920288848738672e-02
4.725000000000000033e-02 -2.914920288848743546e-02
4.727189999999999864e-02 -2.152920288848747532e-02
4.729370000000000102e-02 -7.199202888487299390e-03
4.731559999999999933e-02 -1.142920288848747745e-02
4.733749999999999764e-02 -1.414920288848753316e-02
4.735940000000000288e-02 9.270797111512685262e-03
4.738130000000000119e-02 1.248079711151239835e-02
4.740319999999999950e-02 -2.633920288848745628e-02
4.742509999999999781e-02 -5.603920288848751596e-02
4.744700000000000306e-02 -5.918920288848750211e-02
4.746890000000000137e-02 -5.252920288848739183e-02
4.749079999999999968e-02 -4.098920288848750815e-02
4.751269999999999799e-02 -3.371920288848739844e-02
4.753460000000000324e-02 -4.398920288848739979e-02
4.755650000000000155e-02 -6.324920288848745464e-02
4.757839999999999986e-02 -7.831920288848737144e-02
4.760029999999999817e-02 -7.713920288848741258e-02
4.762220000000000342e-02 -7.202920288848746466e-02
4.764410000000000173e-02 -8.568920288848747013e-02
4.766600000000000004e-02 -9.496920288848742508e-02
4.768789999999999835e-02 -7.345920288848750701e-02
4.770979999999999666e-02 -4.106920288848736611e-02
4.773170000000000190e-02 -3.745920288848747504e-02
4.775349999999999734e-02 -6.480920288848746047e-02
4.777540000000000259e-02 -1.010692028884874194e-01
4.779730000000000090e-02 -1.228692028884874610e-01
4.781919999999999921e-02 -1.389992028884874387e-01
4.784109999999999752e-02 -1.660492028884874571e-01
4.786300000000000276e-02 -1.807492028884873925e-01
4.788490000000000107e-02 -1.675092028884874740e-01
4.790679999999999938e-02 -1.463992028884875118e-01
4.792869999999999769e-02 -1.373492028884875094e-01
4.795060000000000294e-02 -1.392992028884874056e-01
4.797250000000000125e-02 -1.250792028884875062e-01
4.799439999999999956e-02 -8.051920288848757323e-02
4.801629999999999787e-02 -4.001920288848737073e-02
4.803820000000000312e-02 -3.723920288848736604e-02
4.806010000000000143e-02 -5.261920288848753735e-02
4.808199999999999974e-02 -5.210920288848752691e-02
4.810389999999999805e-02 -4.823920288848748683e-02
4.812580000000000330e-02 -7.182920288848748669e-02
4.814770000000000161e-02 -1.020892028884874403e-01
4.816959999999999992e-02 -1.034992028884875737e-01
4.819149999999999823e-02 -8.747920288848742842e-02
4.821330000000000060e-02 -7.936920288848736682e-02
4.823519999999999891e-02 -8.425920288848742778e-02
4.825709999999999722e-02 -9.321920288848750680e-02
4.827900000000000247e-02 -1.013592028884875429e-01
4.830090000000000078e-02 -1.057892028884874769e-01
4.832279999999999909e-02 -9.233920288848751490e-02
4.834469999999999740e-02 -6.224920288848756478e-02
4.836660000000000265e-02 -4.708920288848750246e-02
4.838850000000000096e-02 -5.980920288848756705e-02
4.841039999999999927e-02 -6.765920288848747965e-02
4.843229999999999758e-02 -4.905920288848752975e-02
4.845420000000000282e-02 -1.712920288848751582e-02
4.847610000000000113e-02 1.182079711151251544e-02
4.849799999999999944e-02 1.975079711151250805e-02
4.851989999999999775e-02 7.620797111512533917e-03
4.854180000000000300e-02 -5.859202888487402561e-03
4.856370000000000131e-02 -7.979202888487524348e-03
4.858559999999999962e-02 6.880797111512571007e-03
4.860749999999999793e-02 3.029079711151272392e-02
4.862940000000000318e-02 4.544079711151249867e-02
4.865130000000000149e-02 4.804079711151265641e-02
4.867309999999999692e-02 4.743079711151265698e-02
4.869500000000000217e-02 4.430079711151257982e-02
4.871690000000000048e-02 2.759079711151235514e-02
4.873879999999999879e-02 1.207971115126937889e-04
4.876069999999999710e-02 -1.869202888487464520e-03
4.878260000000000235e-02 3.265079711151264164e-02
4.880450000000000066e-02 5.449079711151272321e-02
4.882639999999999897e-02 3.543079711151264632e-02
4.884829999999999728e-02 9.790797111512539175e-03
4.887020000000000253e-02 1.420797111512328570e-03
4.889210000000000084e-02 2.470797111512545996e-03
4.891399999999999915e-02 2.112079711151260142e-02
4.893589999999999746e-02 4.890079711151251729e-02
4.895780000000000270e-02 5.793079711151261080e-02
4.897970000000000101e-02 5.528079711151256959e-02
4.900159999999999932e-02 5.941079711151253662e-02
4.902349999999999763e-02 6.759079711151239067e-02
4.904540000000000288e-02 6.392079711151232857e-02
4.906730000000000119e-02 3.606079711151233269e-02
4.908919999999999950e-02 3.170797111512690947e-03
4.911109999999999781e-02 -2.699202888487572949e-03
4.913290000000000018e-02 1.618079711151265698e-02
4.915479999999999849e-02 3.223079711151255466e-02
4.917669999999999680e-02 3.507079711151250834e-02
4.919860000000000205e-02 4.236079711151230498e-02
4.922050000000000036e-02 6.283079711151273727e-02
4.924239999999999867e-02 7.973079711151243032e-02
4.926429999999999698e-02 7.843079711151235145e-02
4.928620000000000223e-02 6.473079711151230597e-02
4.930810000000000054e-02 4.813079711151235784e-02
4.932999999999999885e-02 3.934079711151250436e-02
4.935189999999999716e-02 4.706079711151245348e-02
4.937380000000000241e-02 6.051079711151263751e-02
4.939570000000000072e-02 7.383079711151241398e-02
4.941759999999999903e-02 9.322079711151243231e-02
4.943949999999999734e-02 1.154107971115125864e-01
4.946140000000000259e-02 1.376107971115123618e-01
4.948330000000000090e-02 1.598107971115125814e-01
4.950519999999999921e-02 1.710107971115126801e-01
4.952709999999999751e-02 1.776007971115123318e-01
4.954900000000000276e-02 1.945607971115124180e-01
4.957090000000000107e-02 1.990307971115123920e-01
4.959270000000000345e-02 1.612607971115123107e-01
4.961460000000000176e-02 1.072107971115126013e-01
4.963650000000000007e-02 8.219079711151255907e-02
4.965839999999999838e-02 7.141079711151254727e-02
4.968029999999999669e-02 4.477079711151255026e-02
4.970220000000000193e-02 2.532079711151258294e-02
4.972410000000000024e-02 2.148079711151273941e-02
4.974599999999999855e-02 9.730797111512590192e-03
4.976789999999999686e-02 -6.729202888487328948e-03
4.978980000000000211e-02 -4.409202888487673277e-03
4.981170000000000042e-02 2.670797111512523969e-03
4.983359999999999873e-02 -9.919202888487355096e-03
4.985549999999999704e-02 -2.231920288848754375e-02
4.987740000000000229e-02 -1.653920288848764741e-02
4.989930000000000060e-02 -1.516920288848755405e-02
4.992119999999999891e-02 -2.590920288848752584e-02
4.994309999999999722e-02 -2.892920288848754851e-02
4.996500000000000247e-02 -1.954920288848738252e-02
4.998690000000000078e-02 -8.289202888487334775e-03
5.000879999999999909e-02 -5.849202888487337049e-03
5.003069999999999740e-02 -1.455920288848755462e-02
5.005249999999999977e-02 -3.170920288848755320e-02
5.007439999999999808e-02 -3.726920288848756257e-02
5.009630000000000333e-02 -2.335920288848747361e-02
5.011820000000000164e-02 -9.459202888487450167e-03
5.014009999999999995e-02 -1.147920288848736092e-02
5.016199999999999826e-02 -1.156920288848750644e-02
5.018389999999999657e-02 4.630797111512485742e-03
5.020580000000000181e-02 1.145079711151231194e-02
5.022770000000000012e-02 9.707971115124891526e-04
5.024959999999999843e-02 -2.272920288848756520e-02
5.027149999999999674e-02 -3.795920288848741997e-02
5.029340000000000199e-02 -5.586920288848751248e-02
5.031530000000000030e-02 -3.739920288848752605e-02
5.033719999999999861e-02 -1.550920288848756101e-02
5.035909999999999692e-02 -3.541920288848743326e-02
5.038100000000000217e-02 -5.588920288848742146e-02
5.040290000000000048e-02 -6.800920288848755213e-02
5.042479999999999879e-02 -5.559920288848752001e-02
5.044669999999999710e-02 -3.298920288848750104e-02
5.046860000000000235e-02 -3.469920288848737933e-02
5.049050000000000066e-02 -3.218920288848736710e-02
5.051230000000000303e-02 -3.559202888487433825e-03
5.053420000000000134e-02 7.980797111512671904e-03
5.055609999999999965e-02 -2.295920288848751767e-02
5.057799999999999796e-02 -6.312920288848755668e-02
5.059990000000000321e-02 -6.851920288848756257e-02
5.062180000000000152e-02 -4.039920288848741770e-02
5.064369999999999983e-02 -8.579202888487458267e-03
5.066559999999999814e-02 2.028079711151242748e-02
5.068750000000000339e-02 3.647079711151235415e-02
5.070940000000000170e-02 2.854079711151236154e-02
5.073130000000000001e-02 6.140797111512608097e-03
5.075319999999999832e-02 5.630797111512375608e-03
5.077509999999999663e-02 3.127079711151248276e-02
5.079700000000000187e-02 3.048079711151263638e-02
5.081890000000000018e-02 -6.792028884876621930e-04
5.084079999999999849e-02 -1.174920288848735339e-02
5.086269999999999680e-02 2.500797111512742532e-03
5.088460000000000205e-02 1.690797111512321038e-03
5.090650000000000036e-02 -2.697920288848743020e-02
5.092839999999999867e-02 -6.925920288848752548e-02
5.095029999999999698e-02 -1.051092028884874630e-01
5.097209999999999935e-02 -1.242092028884875798e-01
5.099399999999999766e-02 -1.255692028884873856e-01
5.101590000000000291e-02 -1.108092028884875013e-01
5.103780000000000122e-02 -9.475920288848738160e-02
5.105969999999999953e-02 -9.283920288848745983e-02
5.108159999999999784e-02 -1.162792028884875872e-01
5.110350000000000309e-02 -1.671892028884873760e-01
5.112540000000000140e-02 -2.007092028884873702e-01
5.114729999999999971e-02 -1.733692028884874503e-01
5.116919999999999802e-02 -1.260392028884875781e-01
5.119110000000000327e-02 -1.116592028884875187e-01
5.121300000000000158e-02 -1.172792028884874771e-01
5.123489999999999989e-02 -1.188092028884875084e-01
5.125679999999999820e-02 -1.224592028884874395e-01
5.127870000000000344e-02 -1.352292028884873876e-01
5.130060000000000175e-02 -1.424892028884874318e-01
5.132250000000000006e-02 -1.344192028884874102e-01
5.134439999999999837e-02 -1.256192028884874912e-01
5.136629999999999668e-02 -1.215392028884874076e-01
5.138820000000000193e-02 -1.179492028884874255e-01
5.141010000000000024e-02 -1.160492028884874127e-01
5.143199999999999855e-02 -1.140892028884874509e-01
5.145380000000000092e-02 -1.186792028884875450e-01
5.147569999999999923e-02 -1.251692028884874297e-01
5.149759999999999754e-02 -1.126992028884874486e-01
5.151950000000000279e-02 -9.341920288848748477e-02
5.154140000000000110e-02 -9.383920288848757174e-02
5.156329999999999941e-02 -9.695920288848758339e-02
5.158519999999999772e-02 -8.145920288848751412e-02
5.160710000000000297e-02 -6.667920288848749877e-02
5.162900000000000128e-02 -7.247920288848752612e-02
5.165089999999999959e-02 -9.589920288848752250e-02
5.167279999999999790e-02 -1.170992028884874081e-01
5.169470000000000315e-02 -1.307092028884875301e-01
5.171660000000000146e-02 -1.385492028884873772e-01
5.173849999999999977e-02 -1.250692028884874407e-01
5.176039999999999808e-02 -9.294920288848751433e-02
5.178230000000000333e-02 -6.932920288848753998e-02
5.180420000000000164e-02 -5.612920288848743944e-02
5.182609999999999995e-02 -2.491920288848747944e-02
5.184799999999999826e-02 2.168079711151271738e-02
5.186989999999999656e-02 4.245079711151245050e-02
5.189169999999999894e-02 2.021079711151241298e-02
5.191359999999999725e-02 9.207971115126056816e-04
5.193550000000000250e-02 1.858079711151239266e-02
5.195740000000000081e-02 3.247079711151235060e-02
5.197929999999999912e-02 1.061079711151258209e-02
5.200119999999999743e-02 -4.719202888487483705e-03
5.202310000000000267e-02 1.767079711151264831e-02
5.204500000000000098e-02 4.644079711151238854e-02
5.206689999999999929e-02 7.004079711151245391e-02
5.208879999999999760e-02 9.977079711151271013e-02
5.211070000000000285e-02 1.209307971115123337e-01
5.213260000000000116e-02 1.256307971115124822e-01
5.215449999999999947e-02 1.290307971115125518e-01
5.217639999999999778e-02 1.344307971115124012e-01
5.219830000000000303e-02 1.239007971115126949e-01
5.222020000000000134e-02 9.656079711151255296e-02
5.224209999999999965e-02 8.358079711151233937e-02
5.226399999999999796e-02 1.043607971115125821e-01
5.228590000000000321e-02 1.411407971115123949e-01
5.230780000000000152e-02 1.631107971115124400e-01
5.232969999999999983e-02 1.641207971115123954e-01
5.235150000000000220e-02 1.671207971115125090e-01
5.237340000000000051e-02 1.817007971115125464e-01
5.239529999999999882e-02 1.934507971115126956e-01
5.241719999999999713e-02 1.948907971115123594e-01
5.243910000000000238e-02 1.885207971115123726e-01
5.246100000000000069e-02 1.721507971115125990e-01
5.248289999999999900e-02 1.587507971115127425e-01
5.250479999999999731e-02 1.631107971115124400e-01
5.252670000000000256e-02 1.682207971115126099e-01
5.254860000000000086e-02 1.631707971115123890e-01
5.257049999999999917e-02 1.612207971115124927e-01
5.259239999999999748e-02 1.626607971115126006e-01
5.261430000000000273e-02 1.558207971115126433e-01
5.263620000000000104e-02 1.403507971115125486e-01
5.265809999999999935e-02 1.198607971115124293e-01
5.267999999999999766e-02 1.087507971115124761e-01
5.270190000000000291e-02 1.200607971115124073e-01
5.272380000000000122e-02 1.333707971115125623e-01
5.274569999999999953e-02 1.200507971115123418e-01
5.276759999999999784e-02 9.430079711151240218e-02
5.278950000000000309e-02 9.208079711151251345e-02
5.281140000000000140e-02 1.041007971115126551e-01
5.283319999999999683e-02 1.037107971115123206e-01
5.285510000000000208e-02 1.045907971115123125e-01
5.287700000000000039e-02 1.096307971115124680e-01
5.289889999999999870e-02 1.018707971115127009e-01
5.292079999999999701e-02 8.828079711151248787e-02
5.294270000000000226e-02 9.191079711151273202e-02
5.296460000000000057e-02 1.029007971115123432e-01
5.298649999999999888e-02 9.838079711151248574e-02
5.300839999999999719e-02 9.057079711151239110e-02
5.303030000000000244e-02 8.802079711151256092e-02
5.305220000000000075e-02 7.394079711151269052e-02
5.307409999999999906e-02 5.546079711151241654e-02
5.309599999999999737e-02 5.476079711151271567e-02
5.311790000000000261e-02 6.449079711151251004e-02
5.313980000000000092e-02 6.447079711151237902e-02
5.316169999999999923e-02 4.684079711151234449e-02
5.318359999999999754e-02 1.785079711151249526e-02
5.320550000000000279e-02 -1.904920288848765964e-02
5.322740000000000110e-02 -4.390920288848754183e-02
5.324929999999999941e-02 -4.455920288848758126e-02
5.327119999999999772e-02 -4.100920288848741713e-02
5.329300000000000009e-02 -5.197920288848756343e-02
5.331489999999999840e-02 -5.860920288848747717e-02
5.333679999999999671e-02 -4.696920288848738245e-02
5.335870000000000196e-02 -4.522920288848752968e-02
5.338060000000000027e-02 -5.255920288848736632e-02
5.340249999999999858e-02 -5.905920288848753863e-02
5.342439999999999689e-02 -5.848920288848757920e-02
5.344630000000000214e-02 -7.116920288848738174e-02
5.346820000000000045e-02 -5.055920288848758659e-02
5.349009999999999876e-02 -2.846920288848742153e-02
5.351199999999999707e-02 -4.659920288848740100e-02
5.353390000000000232e-02 -5.640920288848749742e-02
5.355580000000000063e-02 -5.978920288848743603e-02
5.357769999999999894e-02 -4.866920288848741727e-02
5.359959999999999725e-02 -2.157920288848758084e-02
5.362150000000000249e-02 -9.169202888487326675e-03
5.364340000000000080e-02 1.260797111512612645e-03
5.366529999999999911e-02 1.495079711151259261e-02
5.368719999999999742e-02 1.407971115123807238e-04
5.370910000000000267e-02 -3.215920288848739261e-02
5.373089999999999811e-02 -4.467920288848747923e-02
5.375280000000000336e-02 -3.719920288848754808e-02
5.377470000000000167e-02 -3.052920288848737229e-02
5.379659999999999997e-02 -3.057920288848747781e-02
5.381849999999999828e-02 -2.611920288848756933e-02
5.384039999999999659e-02 -2.806920288848746559e-02
5.386230000000000184e-02 -4.574920288848738359e-02
5.388420000000000015e-02 -6.922920288848755099e-02
5.390609999999999846e-02 -8.216920288848750253e-02
5.392799999999999677e-02 -8.024920288848758076e-02
5.394990000000000202e-02 -8.025920288848742423e-02
5.397180000000000033e-02 -8.428920288848740228e-02
5.399369999999999864e-02 -6.972920288848749593e-02
5.401559999999999695e-02 -4.104920288848745713e-02
5.403750000000000220e-02 -3.094920288848745926e-02
5.405940000000000051e-02 -5.281920288848751532e-02
5.408129999999999882e-02 -8.584920288848740810e-02
5.410319999999999713e-02 -1.007992028884874269e-01
5.412510000000000238e-02 -1.077192028884874642e-01
5.414700000000000069e-02 -1.204392028884875288e-01
5.416889999999999900e-02 -1.219992028884875346e-01
5.419079999999999731e-02 -1.054492028884874699e-01
5.421259999999999968e-02 -8.768920288848747191e-02
5.423449999999999799e-02 -8.984920288848741166e-02
5.425640000000000324e-02 -1.114092028884874352e-01
5.427830000000000155e-02 -1.209592028884873827e-01
5.430019999999999986e-02 -1.013092028884874374e-01
5.432209999999999817e-02 -8.042920288848742771e-02
5.434400000000000341e-02 -8.422920288848745329e-02
5.436590000000000172e-02 -1.041692028884875221e-01
5.438780000000000003e-02 -1.122292028884874782e-01
5.440969999999999834e-02 -9.987920288848739503e-02
5.443159999999999665e-02 -9.526920288848739204e-02
5.445350000000000190e-02 -1.004492028884875765e-01
5.447540000000000021e-02 -8.718920288848752698e-02
5.449729999999999852e-02 -6.615920288848742281e-02
5.451919999999999683e-02 -6.093920288848742040e-02
5.454110000000000208e-02 -6.526920288848758744e-02
5.456300000000000039e-02 -7.046920288848745884e-02
5.458489999999999870e-02 -7.002920288848746289e-02
5.460679999999999701e-02 -4.941920288848744569e-02
5.462870000000000226e-02 -1.321920288848765779e-02
5.465060000000000057e-02 1.382079711151273926e-02
5.467240000000000294e-02 1.697079711151250336e-02
5.469430000000000125e-02 -1.749202888487566554e-03
5.471619999999999956e-02 -1.840920288848746367e-02
5.473809999999999787e-02 -9.929202888487420608e-03
5.476000000000000312e-02 1.279079711151265286e-02
5.478190000000000143e-02 2.401079711151243856e-02
5.480379999999999974e-02 1.448079711151262217e-02
5.482569999999999805e-02 7.710797111512679436e-03
5.484760000000000330e-02 1.806079711151253875e-02
5.486950000000000160e-02 3.292079711151263410e-02
5.489139999999999991e-02 4.858079711151264135e-02
5.491329999999999822e-02 6.577079711151245789e-02
5.493519999999999653e-02 7.603079711151261577e-02
5.495710000000000178e-02 7.335079711151237802e-02
5.497900000000000009e-02 6.810079711151262316e-02
5.500089999999999840e-02 7.466079711151252241e-02
5.502279999999999671e-02 8.614079711151267915e-02
5.504470000000000196e-02 7.954079711151251786e-02
5.506660000000000027e-02 6.513079711151270601e-02
5.508849999999999858e-02 7.482079711151268242e-02
5.511039999999999689e-02 9.970079711151269564e-02
5.513219999999999926e-02 1.144307971115123834e-01
5.515409999999999757e-02 1.318007971115124910e-01
5.517600000000000282e-02 1.589907971115125385e-01
5.519790000000000113e-02 1.722107971115125480e-01
5.521979999999999944e-02 1.740607971115126773e-01
5.524169999999999775e-02 1.775307971115123173e-01
5.526360000000000300e-02 1.724007971115124604e-01
5.528550000000000131e-02 1.555407971115125854e-01
5.530739999999999962e-02 1.395707971115123236e-01
5.532929999999999793e-02 1.330207971115124899e-01
5.535120000000000318e-02 1.226907971115123175e-01
5.537310000000000149e-02 9.732079711151264689e-02
5.539499999999999980e-02 8.393079711151241185e-02
5.541689999999999811e-02 1.019407971115127154e-01
5.543880000000000335e-02 1.241207971115123598e-01
5.546070000000000166e-02 1.288107971115124428e-01
5.548259999999999997e-02 1.340507971115125763e-01
5.550449999999999828e-02 1.589107971115124585e-01
5.552639999999999659e-02 1.870207971115123158e-01
5.554830000000000184e-02 1.948707971115126725e-01
5.557020000000000015e-02 1.810207971115125325e-01
5.559200000000000252e-02 1.542807971115123244e-01
5.561390000000000083e-02 1.238207971115126149e-01
5.563579999999999914e-02 1.069707971115123613e-01
5.565769999999999745e-02 1.105507971115127219e-01
5.567960000000000270e-02 1.138707971115127116e-01
5.570150000000000101e-02 1.079007971115126807e-01
5.572339999999999932e-02 1.070707971115125723e-01
5.574529999999999763e-02 1.122007971115124292e-01
5.576720000000000288e-02 1.065307971115125873e-01
5.578910000000000119e-02 8.602079711151233710e-02
5.581099999999999950e-02 6.133079711151268043e-02
5.583289999999999781e-02 4.964079711151248020e-02
5.585480000000000306e-02 6.688079711151262430e-02
5.587670000000000137e-02 9.698079711151263993e-02
5.589859999999999968e-02 9.981079711151252809e-02
5.592049999999999799e-02 7.526079711151245633e-02
5.594240000000000324e-02 6.490079711151253150e-02
5.596430000000000154e-02 7.188079711151251772e-02
5.598619999999999985e-02 7.037079711151239536e-02
5.600809999999999816e-02 6.652079711151248631e-02
5.603000000000000341e-02 5.511079711151234406e-02
5.605179999999999885e-02 2.594079711151264789e-02
5.607369999999999716e-02 5.307971115127152473e-04
5.609560000000000241e-02 4.507971115126352402e-04
5.611750000000000071e-02 6.250797111512440551e-03
5.613939999999999902e-02 1.630797111512372055e-03
5.616129999999999733e-02 4.590797111512667783e-03
5.618320000000000258e-02 5.640797111512441120e-03
5.620510000000000089e-02 -2.287920288848743766e-02
5.622699999999999920e-02 -5.822920288848743020e-02
5.624889999999999751e-02 -6.643920288848748079e-02
5.627080000000000276e-02 -5.432920288848741563e-02
5.629270000000000107e-02 -4.274920288848749195e-02
5.631459999999999938e-02 -4.082920288848757018e-02
5.633649999999999769e-02 -4.104920288848745713e-02
5.635840000000000294e-02 -4.226920288848745599e-02
5.638030000000000125e-02 -5.042920288848740107e-02
5.640219999999999956e-02 -6.873920288848744953e-02
5.642409999999999787e-02 -8.368920288848746836e-02
5.644600000000000312e-02 -8.388920288848744633e-02
5.646790000000000143e-02 -7.340920288848740149e-02
5.648979999999999974e-02 -6.665920288848736774e-02
5.651160000000000211e-02 -7.671920288848754765e-02
5.653350000000000042e-02 -7.867920288848750943e-02
5.655539999999999873e-02 -6.671920288848753877e-02
5.657729999999999704e-02 -5.180920288848755995e-02
5.659920000000000229e-02 -6.088920288848753692e-02
5.662110000000000060e-02 -2.917920288848740995e-02
5.664299999999999891e-02 2.176079711151235330e-02
5.666489999999999722e-02 1.814079711151261876e-02
5.668680000000000246e-02 -1.045920288848734003e-02
5.670870000000000077e-02 -4.146920288848754410e-02
5.673059999999999908e-02 -4.699920288848757899e-02
5.675249999999999739e-02 -3.702920288848754460e-02
5.677440000000000264e-02 -5.370920288848757274e-02
5.679630000000000095e-02 -6.522920288848754744e-02
5.681819999999999926e-02 -3.826920288848745244e-02
5.684009999999999757e-02 -2.384920288848757508e-02
5.686200000000000282e-02 -5.242920288848740284e-02
5.688390000000000113e-02 -8.576920288848755014e-02
5.690579999999999944e-02 -9.362920288848752826e-02
5.692769999999999775e-02 -7.927920288848744335e-02
5.694960000000000300e-02 -6.022920288848743198e-02
5.697139999999999843e-02 -5.620920288848751944e-02
5.699329999999999674e-02 -7.479920288848740384e-02
5.701520000000000199e-02 -9.596920288848753700e-02
5.703710000000000030e-02 -1.086192028884875871e-01
5.705899999999999861e-02 -1.112792028884874718e-01
5.708089999999999692e-02 -1.111592028884875738e-01
5.710280000000000217e-02 -1.173892028884875316e-01
5.712470000000000048e-02 -1.052192028884875175e-01
5.714659999999999879e-02 -6.422920288848743553e-02
5.716849999999999710e-02 -3.086920288848737925e-02
5.719040000000000235e-02 -3.256920288848741407e-02
5.721230000000000065e-02 -6.083920288848743141e-02
5.723419999999999896e-02 -9.258920288848737634e-02
5.725609999999999727e-02 -1.014492028884874664e-01
5.727800000000000252e-02 -9.817920288848758226e-02
5.729990000000000083e-02 -1.036692028884875771e-01
5.732179999999999914e-02 -1.039492028884874131e-01
5.734369999999999745e-02 -8.375920288848748285e-02
5.736560000000000270e-02 -6.665920288848736774e-02
5.738750000000000101e-02 -8.983920288848756819e-02
5.740939999999999932e-02 -1.407192028884873825e-01
5.743120000000000169e-02 -1.652692028884874542e-01
5.745310000000000000e-02 -1.454192028884875310e-01
5.747499999999999831e-02 -1.208192028884875757e-01
5.749689999999999662e-02 -1.213892028884875351e-01
5.751880000000000187e-02 -1.316292028884875620e-01
5.754070000000000018e-02 -1.310492028884875371e-01
5.756259999999999849e-02 -1.248692028884874627e-01
5.758449999999999680e-02 -1.233392028884874314e-01
5.760640000000000205e-02 -1.204092028884875543e-01
5.762830000000000036e-02 -1.132092028884874590e-01
5.765019999999999867e-02 -1.117892028884874822e-01
5.767209999999999698e-02 -1.163892028884874197e-01
5.769400000000000223e-02 -1.150292028884873918e-01
5.771590000000000054e-02 -1.017192028884874588e-01
5.773779999999999885e-02 -8.679920288848741450e-02
5.775969999999999716e-02 -7.965920288848749031e-02
5.778160000000000240e-02 -6.847920288848752257e-02
5.780350000000000071e-02 -4.498920288848751170e-02
5.782539999999999902e-02 -3.543920288848756428e-02
5.784729999999999733e-02 -6.204920288848758680e-02
5.786920000000000258e-02 -8.749920288848755945e-02
5.789099999999999802e-02 -7.069920288848741130e-02
5.791290000000000326e-02 -3.424920288848753991e-02
5.793480000000000157e-02 -1.714920288848764685e-02
5.795669999999999988e-02 -2.508920288848748292e-02
5.797859999999999819e-02 -3.555920288848746225e-02
5.800050000000000344e-02 -3.622920288848741066e-02
5.802240000000000175e-02 -2.756920288848752065e-02
5.804430000000000006e-02 -7.749202888487349838e-03
5.806619999999999837e-02 1.045079711151242208e-02
5.808809999999999668e-02 1.349079711151235372e-02
5.811000000000000193e-02 1.417079711151236765e-02
5.813190000000000024e-02 2.805079711151270416e-02
5.815379999999999855e-02 4.355079711151255140e-02
5.817569999999999686e-02 3.915079711151259190e-02
5.819760000000000211e-02 1.340079711151265229e-02
5.821950000000000042e-02 2.807971115124097139e-04
5.824139999999999873e-02 2.181079711151268086e-02
5.826329999999999704e-02 4.943079711151243671e-02
5.828520000000000229e-02 5.247079711151236836e-02
5.830710000000000059e-02 5.059079711151248659e-02
5.832899999999999890e-02 6.817079711151263766e-02
5.835080000000000128e-02 8.968079711151233369e-02
5.837269999999999959e-02 1.094407971115125555e-01
5.839459999999999790e-02 1.285007971115126324e-01
5.841650000000000315e-02 1.363607971115126105e-01
5.843840000000000146e-02 1.361507971115125670e-01
5.846029999999999976e-02 1.416907971115124454e-01
5.848219999999999807e-02 1.619407971115123246e-01
5.850410000000000332e-02 1.797507971115126502e-01
5.852600000000000163e-02 1.708107971115127022e-01
5.854789999999999994e-02 1.557307971115124978e-01
5.856979999999999825e-02 1.670607971115125601e-01
5.859169999999999656e-02 1.923707971115127258e-01
5.861360000000000181e-02 2.010507971115123027e-01
5.863550000000000012e-02 1.919207971115124423e-01
5.865739999999999843e-02 1.831807971115124722e-01
5.867929999999999674e-02 1.814607971115123064e-01
5.870120000000000199e-02 1.818807971115123934e-01
5.872310000000000030e-02 1.779507971115124043e-01
5.874499999999999861e-02 1.655207971115126853e-01
5.876689999999999692e-02 1.429307971115125753e-01
5.878880000000000217e-02 1.265707971115124231e-01
5.881070000000000048e-02 1.321507971115125635e-01
5.883250000000000285e-02 1.387207971115125282e-01
5.885440000000000116e-02 1.329907971115127374e-01
5.887629999999999947e-02 1.301507971115123397e-01
5.889819999999999778e-02 1.256907971115124312e-01
5.892010000000000303e-02 1.028407971115123942e-01
5.894200000000000134e-02 6.804079711151267418e-02
5.896389999999999965e-02 3.460079711151253790e-02
5.898579999999999796e-02 1.850079711151231265e-02
5.900770000000000320e-02 2.848079711151241256e-02
5.902960000000000151e-02 4.364079711151269692e-02
5.905149999999999982e-02 3.819079711151251999e-02
5.907339999999999813e-02 2.259079711151246173e-02
5.909530000000000338e-02 2.676079711151269080e-02
5.911720000000000169e-02 4.151079711151250962e-02
5.913910000000000000e-02 4.387079711151242734e-02
5.916099999999999831e-02 4.952079711151258223e-02
5.918289999999999662e-02 6.128079711151235287e-02
5.920480000000000187e-02 6.140079711151269493e-02
5.922670000000000018e-02 5.376079711151238172e-02
5.924859999999999849e-02 5.373079711151262927e-02
5.927040000000000086e-02 5.182079711151255097e-02
5.929229999999999917e-02 3.760079711151265158e-02
5.931419999999999748e-02 2.992079711151252042e-02
5.933610000000000273e-02 3.434079711151261094e-02
5.935800000000000104e-02 3.108079711151257030e-02
5.937989999999999935e-02 2.148079711151273941e-02
5.940179999999999766e-02 2.345079711151232260e-02
5.942370000000000291e-02 3.524079711151273386e-02
5.944560000000000122e-02 4.660079711151254855e-02
5.946749999999999953e-02 5.232079711151271795e-02
5.948939999999999784e-02 4.979079711151257470e-02
5.951130000000000309e-02 3.435079711151267645e-02
5.953320000000000140e-02 2.442079711151246002e-02
5.955509999999999970e-02 3.165079711151230768e-02
5.957699999999999801e-02 3.798079711151247650e-02
5.959890000000000326e-02 2.903079711151246300e-02
5.962080000000000157e-02 2.279079711151243970e-02
5.964269999999999988e-02 2.940079711151266650e-02
5.966459999999999819e-02 2.665079711151241426e-02
5.968650000000000344e-02 1.739079711151259033e-02
5.970840000000000175e-02 4.840797111512529227e-03
5.973030000000000006e-02 -5.329202888487483136e-03
5.975210000000000243e-02 -3.027920288848751085e-02
5.977400000000000074e-02 -1.641920288848730536e-02
5.979589999999999905e-02 6.740797111512542017e-03
5.981779999999999736e-02 -1.410920288848727111e-02
5.983970000000000261e-02 -3.323920288848758453e-02
5.986160000000000092e-02 -4.318920288848748790e-02
5.988349999999999923e-02 -3.999920288848746175e-02
5.990539999999999754e-02 -3.754920288848739851e-02
5.992730000000000279e-02 -5.888920288848753515e-02
5.994920000000000110e-02 -6.819920288848746459e-02
5.997109999999999941e-02 -3.917920288848741883e-02
5.999299999999999772e-02 -1.729920288848729726e-02
6.001490000000000297e-02 -3.592920288848744370e-02
6.003680000000000128e-02 -7.118920288848751277e-02
6.005869999999999959e-02 -8.942920288848754673e-02
6.008059999999999790e-02 -8.374920288848741734e-02
6.010250000000000314e-02 -7.083920288848744029e-02
6.012440000000000145e-02 -6.538920288848748541e-02
6.014629999999999976e-02 -8.251920288848757501e-02
6.016819999999999807e-02 -1.084892028884874016e-01
6.019010000000000332e-02 -1.164692028884874997e-01
6.021189999999999876e-02 -1.002292028884874675e-01
6.023379999999999707e-02 -8.306920288848740341e-02
6.025570000000000231e-02 -9.410920288848756421e-02
6.027760000000000062e-02 -1.152392028884874353e-01
6.029949999999999893e-02 -1.152592028884875663e-01
6.032139999999999724e-02 -1.009792028884874959e-01
6.034330000000000249e-02 -9.793920288848756428e-02
6.036520000000000080e-02 -1.046992028884874415e-01
6.038709999999999911e-02 -1.114692028884873842e-01
6.040899999999999742e-02 -1.128792028884875176e-01
6.043090000000000267e-02 -1.154192028884875043e-01
6.045280000000000098e-02 -1.260092028884873816e-01
6.047469999999999929e-02 -1.265892028884874065e-01
6.049659999999999760e-02 -1.066892028884873778e-01
6.051850000000000285e-02 -8.645920288848740753e-02
6.054040000000000116e-02 -9.112920288848758155e-02
6.056229999999999947e-02 -1.217692028884875821e-01
6.058419999999999778e-02 -1.447292028884874515e-01
6.060610000000000303e-02 -1.359392028884873760e-01
6.062800000000000133e-02 -1.227692028884874720e-01
6.064979999999999677e-02 -1.253392028884874332e-01
6.067170000000000202e-02 -1.266592028884874210e-01
6.069360000000000033e-02 -1.163492028884873797e-01
6.071549999999999864e-02 -1.073392028884874172e-01
6.073739999999999695e-02 -1.130892028884875611e-01
6.075930000000000220e-02 -1.207492028884875612e-01
6.078120000000000051e-02 -1.156392028884873913e-01
6.080309999999999881e-02 -1.093492028884874845e-01
6.082499999999999712e-02 -1.120992028884875147e-01
6.084690000000000237e-02 -1.179192028884874510e-01
6.086880000000000068e-02 -1.215292028884875641e-01
6.089069999999999899e-02 -1.283492028884873903e-01
6.091259999999999730e-02 -1.370992028884874259e-01
6.093450000000000255e-02 -1.306492028884875811e-01
6.095640000000000086e-02 -1.097792028884874149e-01
6.097829999999999917e-02 -1.039392028884875696e-01
6.100019999999999748e-02 -1.249692028884874517e-01
6.102210000000000273e-02 -1.390092028884875042e-01
6.104400000000000104e-02 -1.218392028884873746e-01
6.106589999999999935e-02 -9.605920288848746047e-02
6.108779999999999766e-02 -8.238920288848738949e-02
6.110970000000000291e-02 -7.905920288848755639e-02
6.113149999999999834e-02 -7.482920288848737833e-02
6.115339999999999665e-02 -6.918920288848751099e-02
6.117530000000000190e-02 -6.844920288848754808e-02
6.119720000000000021e-02 -6.210920288848753579e-02
6.121909999999999852e-02 -4.322920288848752790e-02
6.124099999999999683e-02 -3.122920288848751724e-02
6.126290000000000208e-02 -3.529920288848753529e-02
6.128480000000000039e-02 -3.186920288848749117e-02
6.130669999999999870e-02 -1.817920288848728916e-02
6.132859999999999701e-02 -2.526920288848755192e-02
6.135050000000000225e-02 -5.516920288848736753e-02
6.137240000000000056e-02 -5.743920288848758382e-02
6.139429999999999887e-02 -1.664920288848747987e-02
6.141619999999999718e-02 1.686079711151267091e-02
6.143810000000000243e-02 1.538079711151274509e-02
6.146000000000000074e-02 7.120797111512366939e-03
6.148189999999999905e-02 1.451079711151237461e-02
6.150379999999999736e-02 2.755079711151253719e-02
6.152570000000000261e-02 4.198079711151248006e-02
6.154760000000000092e-02 5.232079711151271795e-02
6.156949999999999923e-02 5.183079711151261648e-02
6.159130000000000160e-02 5.482079711151266466e-02
6.161319999999999991e-02 7.312079711151264760e-02
6.163509999999999822e-02 9.858079711151246372e-02
6.165699999999999653e-02 1.080107971115125132e-01
6.167890000000000178e-02 9.290079711151255637e-02
6.170080000000000009e-02 7.976079711151262686e-02
6.172269999999999840e-02 8.870079711151257484e-02
6.174459999999999671e-02 1.107607971115123213e-01
6.176650000000000196e-02 1.305107971115124776e-01
6.178840000000000027e-02 1.459007971115124924e-01
6.181029999999999858e-02 1.664607971115126261e-01
6.183219999999999689e-02 1.856307971115125355e-01
6.185410000000000214e-02 1.878107971115126063e-01
6.187600000000000044e-02 1.760007971115125081e-01
6.189789999999999875e-02 1.612207971115124927e-01
6.191979999999999706e-02 1.428607971115125608e-01
6.194170000000000231e-02 1.293807971115126243e-01
6.196360000000000062e-02 1.382707971115126888e-01
6.198549999999999893e-02 1.570507971115127077e-01
6.200739999999999724e-02 1.638607971115124684e-01
6.202919999999999962e-02 1.629907971115125420e-01
6.205109999999999792e-02 1.663207971115125972e-01
6.207300000000000317e-02 1.727907971115123509e-01
6.209490000000000148e-02 1.693907971115127253e-01
6.211679999999999979e-02 1.478207971115126362e-01
6.213869999999999810e-02 1.365207971115123264e-01
6.216060000000000335e-02 1.599307971115124793e-01
6.218250000000000166e-02 1.856707971115123534e-01
6.220439999999999997e-02 1.769507971115125144e-01
6.222629999999999828e-02 1.505307971115126264e-01
6.224819999999999659e-02 1.415407971115123509e-01
6.227010000000000184e-02 1.410307971115125625e-01
6.229200000000000015e-02 1.264007971115126416e-01
6.231389999999999846e-02 1.151107971115123974e-01
6.233579999999999677e-02 1.092607971115127086e-01
6.235770000000000202e-02 8.976079711151241369e-02
6.237960000000000033e-02 6.917079711151252752e-02
6.240149999999999864e-02 7.518079711151237632e-02
6.242339999999999695e-02 8.785079711151233539e-02
6.244530000000000219e-02 8.021079711151246627e-02
6.246720000000000050e-02 7.160079711151245974e-02
6.248909999999999881e-02 6.966079711151262899e-02
6.251089999999999425e-02 5.900079711151251516e-02
6.253279999999999950e-02 4.841079711151241582e-02
6.255470000000000474e-02 4.780079711151241639e-02
6.257659999999999612e-02 5.132079711151238399e-02
6.259850000000000136e-02 6.005079711151273258e-02
6.262040000000000661e-02 6.800079711151241213e-02
6.264229999999999798e-02 6.384079711151269265e-02
6.266420000000000323e-02 5.457079711151235912e-02
6.268609999999999460e-02 6.051079711151263751e-02
6.270799999999999985e-02 7.168079711151253974e-02
6.272990000000000510e-02 6.528079711151235642e-02
6.275179999999999647e-02 4.175079711151230555e-02
6.277370000000000172e-02 2.163079711151238982e-02
6.279559999999999309e-02 1.012079711151248063e-02
6.281749999999999834e-02 -1.338920288848743922e-02
6.283940000000000359e-02 -4.420920288848750879e-02
6.286129999999999496e-02 -7.670920288848748214e-02
6.288320000000000021e-02 -9.138920288848750850e-02
6.290510000000000546e-02 -1.004792028884875510e-01
6.292699999999999683e-02 -7.034920288848756087e-02
6.294890000000000208e-02 -3.861920288848752492e-02
6.297079999999999345e-02 -5.271920288848752634e-02
6.299259999999999582e-02 -6.767920288848738863e-02
6.301450000000000107e-02 -7.618920288848740618e-02
6.303640000000000632e-02 -7.267920288848750410e-02
6.305829999999999769e-02 -6.781920288848741762e-02
6.308020000000000294e-02 -8.670920288848749102e-02
6.310209999999999431e-02 -1.038792028884873986e-01
6.312399999999999956e-02 -8.910920288848744875e-02
6.314590000000000480e-02 -7.845920288848740043e-02
6.316779999999999617e-02 -1.006692028884874635e-01
6.318970000000000142e-02 -1.175792028884874441e-01
6.321160000000000667e-02 -1.084692028884874926e-01
6.323349999999999804e-02 -9.505920288848757060e-02
6.325540000000000329e-02 -7.615920288848743169e-02
6.327729999999999466e-02 -5.313920288848739126e-02
6.329919999999999991e-02 -5.306920288848737677e-02
6.332110000000000516e-02 -7.737920288848743056e-02
6.334299999999999653e-02 -1.069592028884873702e-01
6.336490000000000178e-02 -1.216292028884875531e-01
6.338679999999999315e-02 -1.177292028884875386e-01
6.340869999999999840e-02 -1.137092028884874040e-01
6.343050000000000077e-02 -9.673920288848747440e-02
6.345240000000000602e-02 -5.388920288848741968e-02
6.347429999999999739e-02 -2.667920288848746324e-02
6.349620000000000264e-02 -4.355920288848746935e-02
6.351809999999999401e-02 -8.511920288848751071e-02
6.353999999999999926e-02 -1.162592028884874562e-01
6.356190000000000451e-02 -1.113292028884875773e-01
6.358379999999999588e-02 -9.435920288848742565e-02
6.360570000000000113e-02 -9.309920288848738679e-02
6.362760000000000637e-02 -9.314920288848749230e-02
6.364949999999999775e-02 -8.573920288848757565e-02
6.367140000000000299e-02 -8.738920288848750495e-02
6.369329999999999437e-02 -1.084292028884874526e-01
6.371519999999999961e-02 -1.368292028884874334e-01
6.373710000000000486e-02 -1.523092028884873717e-01
6.375899999999999623e-02 -1.501192028884874574e-01
6.378090000000000148e-02 -1.380692028884875633e-01
6.380280000000000673e-02 -1.264592028884874431e-01
6.382469999999999810e-02 -1.235692028884873839e-01
6.384660000000000335e-02 -1.195192028884874968e-01
6.386849999999999472e-02 -1.151892028884875518e-01
6.389029999999999709e-02 -1.301292028884875052e-01
6.391220000000000234e-02 -1.450092028884875095e-01
6.393409999999999371e-02 -1.339992028884875452e-01
6.395599999999999896e-02 -1.199292028884875183e-01
6.397790000000000421e-02 -1.207292028884874302e-01
6.399979999999999558e-02 -1.187292028884874284e-01
6.402170000000000083e-02 -1.045292028884874380e-01
6.404360000000000608e-02 -9.522920288848757409e-02
6.406549999999999745e-02 -1.006092028884875145e-01
6.408740000000000270e-02 -1.095092028884874225e-01
6.410929999999999407e-02 -1.089292028884873975e-01
6.413119999999999932e-02 -1.005992028884874490e-01
6.415310000000000457e-02 -1.084792028884875581e-01
6.417499999999999594e-02 -1.342292028884874977e-01
6.419690000000000119e-02 -1.419992028884875523e-01
6.421880000000000643e-02 -1.188592028884873919e-01
6.424069999999999780e-02 -9.214920288848738039e-02
6.426260000000000305e-02 -8.776920288848755192e-02
6.428449999999999442e-02 -8.902920288848736874e-02
6.430639999999999967e-02 -8.351920288848746488e-02
6.432830000000000492e-02 -9.164920288848743546e-02
6.435019999999999629e-02 -1.085892028884873906e-01
6.437199999999999867e-02 -1.084392028884875181e-01
6.439390000000000391e-02 -9.702920288848737584e-02
6.441579999999999528e-02 -9.583920288848757352e-02
6.443770000000000053e-02 -9.367920288848741173e-02
6.445960000000000578e-02 -7.585920288848746473e-02
6.448149999999999715e-02 -6.576920288848753238e-02
6.450340000000000240e-02 -8.378920288848745734e-02
6.452529999999999377e-02 -8.969920288848753920e-02
6.454719999999999902e-02 -4.836920288848745031e-02
6.456910000000000427e-02 -8.909202888487399719e-03
6.459099999999999564e-02 -1.796920288848768976e-02
6.461290000000000089e-02 -3.432920288848739787e-02
6.463480000000000614e-02 -2.189920288848745678e-02
6.465669999999999751e-02 -8.529202888487574796e-03
6.467860000000000276e-02 -1.492028884872986794e-04
6.470049999999999413e-02 1.945079711151231905e-02
6.472239999999999938e-02 4.232079711151248702e-02
6.474430000000000462e-02 6.450079711151257555e-02
6.476619999999999600e-02 9.564079711151274310e-02
6.478810000000000124e-02 1.351707971115123641e-01
6.480990000000000362e-02 1.614507971115126672e-01
6.483179999999999499e-02 1.624807971115123095e-01
6.485370000000000024e-02 1.665407971115127062e-01
6.487560000000000549e-02 1.964307971115126783e-01
6.489749999999999686e-02 2.298407971115126180e-01
6.491940000000000210e-02 2.420907971115124901e-01
6.494129999999999348e-02 2.407607971115126588e-01
6.496319999999999872e-02 2.423107971115125991e-01
6.498510000000000397e-02 2.461207971115126902e-01
6.500699999999999534e-02 2.415607971115125707e-01
6.502890000000000059e-02 2.247507971115125791e-01
6.505080000000000584e-02 2.025207971115126071e-01
6.507269999999999721e-02 1.779007971115125208e-01
6.509460000000000246e-02 1.607607971115125878e-01
6.511649999999999383e-02 1.651207971115127293e-01
6.513839999999999908e-02 1.752607971115125451e-01
6.516030000000000433e-02 1.771107971115126745e-01
6.518219999999999570e-02 1.851907971115123175e-01
6.520410000000000095e-02 2.045407971115125179e-01
6.522600000000000620e-02 2.165907971115124120e-01
6.524789999999999757e-02 2.055907971115127353e-01
6.526969999999999994e-02 1.780007971115127319e-01
6.529160000000000519e-02 1.625207971115125716e-01
6.531349999999999656e-02 1.702807971115123387e-01
6.533540000000000181e-02 1.757307971115125156e-01
6.535729999999999318e-02 1.587407971115126770e-01
6.537919999999999843e-02 1.384107971115127178e-01
6.540110000000000368e-02 1.453807971115126385e-01
6.542299999999999505e-02 1.657907971115126777e-01
6.544490000000000030e-02 1.672807971115126691e-01
6.546680000000000554e-02 1.578307971115124886e-01
6.548869999999999691e-02 1.470807971115126733e-01
6.551060000000000216e-02 1.345407971115126777e-01
6.553249999999999353e-02 1.381007971115124633e-01
6.555439999999999878e-02 1.770207971115125289e-01
6.557630000000000403e-02 2.202507971115124086e-01
6.559819999999999540e-02 2.259907971115127090e-01
6.562010000000000065e-02 2.066407971115125086e-01
6.564200000000000590e-02 1.845807971115123181e-01
6.566389999999999727e-02 1.549107971115124549e-01
6.568580000000000252e-02 1.159607971115126368e-01
6.570769999999999389e-02 7.695079711151242563e-02
6.572959999999999914e-02 4.959079711151259673e-02
6.575140000000000151e-02 4.305079711151238442e-02
6.577330000000000676e-02 4.641079711151263609e-02
6.579519999999999813e-02 4.767079711151245291e-02
6.581710000000000338e-02 5.149079711151260952e-02
6.583899999999999475e-02 6.630079711151237731e-02
6.586090000000000000e-02 7.849079711151274452e-02
6.588280000000000525e-02 6.505079711151262600e-02
6.590469999999999662e-02 3.418079711151245093e-02
6.592660000000000187e-02 1.871079711151235614e-02
6.594849999999999324e-02 1.912079711151237760e-02
6.597039999999999849e-02 6.560797111512695068e-03
6.599230000000000373e-02 -4.049202888487535290e-03
6.601419999999999511e-02 -2.389202888487318432e-03
6.603610000000000035e-02 -4.692028884876187078e-04
6.605800000000000560e-02 -3.680920288848743560e-02
6.607989999999999697e-02 -4.599920288848746708e-02
6.610180000000000222e-02 -3.438920288848756890e-02
6.612369999999999359e-02 -6.116920288848737286e-02
6.614559999999999884e-02 -9.626920288848750396e-02
6.616750000000000409e-02 -1.230192028884875555e-01
6.618930000000000646e-02 -1.276092028884874274e-01
6.621119999999999783e-02 -1.174792028884874551e-01
6.623310000000000308e-02 -1.190692028884874354e-01
6.625499999999999445e-02 -1.173292028884875826e-01
6.627689999999999970e-02 -1.006192028884875800e-01
6.629880000000000495e-02 -1.002892028884874165e-01
6.632069999999999632e-02 -1.266792028884875521e-01
6.634260000000000157e-02 -1.475892028884875362e-01
6.636450000000000682e-02 -1.376892028884875163e-01
6.638639999999999819e-02 -1.163892028884874197e-01
6.640830000000000344e-02 -1.001192028884874130e-01
6.643019999999999481e-02 -8.524920288848747418e-02
6.645210000000000006e-02 -9.294920288848751433e-02
6.647400000000000531e-02 -1.218792028884874146e-01
6.649589999999999668e-02 -1.468792028884875478e-01
6.651780000000000193e-02 -1.455292028884875855e-01
6.653969999999999330e-02 -1.230192028884875555e-01
6.656159999999999854e-02 -1.167692028884874667e-01
6.658350000000000379e-02 -1.165692028884874887e-01
6.660539999999999516e-02 -8.477920288848750374e-02
6.662730000000000041e-02 -4.650920288848747752e-02
6.664920000000000566e-02 -5.150920288848737094e-02
6.667099999999999416e-02 -8.968920288848747369e-02
6.669289999999999941e-02 -1.210892028884875682e-01
6.671480000000000465e-02 -1.300292028884875162e-01
6.673669999999999602e-02 -1.337992028884875673e-01
6.675860000000000127e-02 -1.448492028884875715e-01
6.678050000000000652e-02 -1.520592028884875102e-01
6.680239999999999789e-02 -1.425692028884875118e-01
6.682430000000000314e-02 -1.235692028884873839e-01
6.684619999999999451e-02 -1.228692028884874610e-01
6.686809999999999976e-02 -1.506892028884874168e-01
6.689000000000000501e-02 -1.706992028884875001e-01
6.691189999999999638e-02 -1.574692028884874251e-01
6.693380000000000163e-02 -1.389392028884874897e-01
6.695570000000000688e-02 -1.372992028884874038e-01
6.697759999999999825e-02 -1.374192028884875239e-01
6.699950000000000350e-02 -1.301992028884875197e-01
6.702139999999999487e-02 -1.328192028884875864e-01
6.704330000000000012e-02 -1.518892028884875067e-01
6.706520000000000536e-02 -1.614792028884874941e-01
6.708709999999999674e-02 -1.492192028884875565e-01
6.710900000000000198e-02 -1.403592028884874665e-01
6.713080000000000436e-02 -1.498792028884874394e-01
6.715269999999999573e-02 -1.674692028884874340e-01
6.717460000000000098e-02 -1.750192028884873796e-01
6.719650000000000623e-02 -1.666992028884874966e-01
6.721839999999999760e-02 -1.590992028884874454e-01
6.724030000000000284e-02 -1.577492028884874831e-01
6.726219999999999422e-02 -1.429492028884875587e-01
6.728409999999999946e-02 -1.188192028884875739e-01
6.730600000000000471e-02 -1.209392028884874737e-01
6.732789999999999608e-02 -1.417492028884874689e-01
6.734980000000000133e-02 -1.338092028884874107e-01
6.737170000000000658e-02 -9.259920288848744185e-02
6.739359999999999795e-02 -6.471920288848753700e-02
6.741550000000000320e-02 -7.951920288848746132e-02
6.743739999999999457e-02 -1.028092028884874942e-01
6.745929999999999982e-02 -1.044692028884874890e-01
6.748120000000000507e-02 -9.722920288848757586e-02
6.750309999999999644e-02 -9.253920288848749287e-02
6.752500000000000169e-02 -9.030920288848753863e-02
6.754690000000000694e-02 -9.244920288848756940e-02
6.756869999999999543e-02 -1.002392028884875330e-01
6.759060000000000068e-02 -9.773920288848758631e-02
6.761250000000000593e-02 -7.747920288848741954e-02
6.763439999999999730e-02 -6.784920288848739212e-02
6.765630000000000255e-02 -8.506920288848740519e-02
6.767819999999999392e-02 -9.080920288848748356e-02
6.770009999999999917e-02 -6.335920288848750914e-02
6.772200000000000442e-02 -4.484920288848748271e-02
6.774389999999999579e-02 -6.060920288848747894e-02
6.776580000000000104e-02 -6.998920288848742288e-02
6.778770000000000628e-02 -4.703920288848739695e-02
6.780959999999999765e-02 -1.994920288848733847e-02
6.783150000000000290e-02 4.630797111512485742e-03
6.785339999999999427e-02 3.835079711151268000e-02
6.787529999999999952e-02 7.188079711151251772e-02
6.789720000000000477e-02 1.023307971115126058e-01
6.791909999999999614e-02 1.389607971115123242e-01
6.794100000000000139e-02 1.836107971115126247e-01
6.796290000000000664e-02 2.188307971115124317e-01
6.798479999999999801e-02 2.271607971115123803e-01
6.800670000000000326e-02 2.267007971115124754e-01
6.802859999999999463e-02 2.476707971115126306e-01
6.805039999999999700e-02 2.822707971115123726e-01
6.807230000000000225e-02 2.973207971115123804e-01
6.809419999999999362e-02 2.891707971115127229e-01
6.811609999999999887e-02 2.850707971115125083e-01
6.813800000000000412e-02 2.922607971115125380e-01
6.815989999999999549e-02 2.955407971115127097e-01
6.818180000000000074e-02 2.839507971115127205e-01
6.820370000000000599e-02 2.567007971115127241e-01
6.822559999999999736e-02 2.221507971115124214e-01
6.824750000000000261e-02 1.995207971115124934e-01
6.826939999999999398e-02 1.951207971115125339e-01
6.829129999999999923e-02 1.906907971115123779e-01
6.831320000000000447e-02 1.839907971115124496e-01
6.833509999999999585e-02 1.862007971115127170e-01
6.835700000000000109e-02 1.849807971115127181e-01
6.837890000000000634e-02 1.674307971115123195e-01
6.840079999999999771e-02 1.428807971115126918e-01
6.842270000000000296e-02 1.178007971115127006e-01
6.844459999999999433e-02 1.012807971115123884e-01
6.846649999999999958e-02 1.078307971115126662e-01
6.848840000000000483e-02 1.243307971115124033e-01
6.851019999999999333e-02 1.207007971115126033e-01
6.853209999999999857e-02 1.012007971115123084e-01
6.855400000000000382e-02 9.670079711151258195e-02
6.857589999999999519e-02 1.016107971115123298e-01
6.859780000000000044e-02 9.453079711151257669e-02
6.861970000000000569e-02 9.198079711151230242e-02
6.864159999999999706e-02 9.555079711151259758e-02
6.866350000000000231e-02 8.947079711151273429e-02
6.868539999999999368e-02 8.664079711151240204e-02
6.870729999999999893e-02 1.030107971115126198e-01
6.872920000000000418e-02 1.197907971115124148e-01
6.875109999999999555e-02 1.245307971115123813e-01
6.877300000000000080e-02 1.367307971115123699e-01
6.879490000000000605e-02 1.528507971115127262e-01
6.881679999999999742e-02 1.473307971115125348e-01
6.883870000000000267e-02 1.291507971115124498e-01
6.886059999999999404e-02 1.150607971115125139e-01
6.888249999999999929e-02 9.467079711151260568e-02
6.890440000000000453e-02 7.077079711151235131e-02
6.892629999999999590e-02 5.462079711151268668e-02
6.894809999999999828e-02 4.551079711151251317e-02
6.897000000000000353e-02 4.098079711151259019e-02
6.899189999999999490e-02 4.693079711151249001e-02
6.901380000000000015e-02 6.071079711151261549e-02
6.903570000000000539e-02 6.816079711151257214e-02
6.905759999999999676e-02 5.786079711151259630e-02
6.907950000000000201e-02 4.525079711151258621e-02
6.910139999999999338e-02 4.343079711151265343e-02
6.912329999999999863e-02 2.783079711151259517e-02
6.914520000000000388e-02 -1.729202888487435530e-03
6.916709999999999525e-02 -3.404920288848756194e-02
6.918900000000000050e-02 -5.355920288848747823e-02
6.921090000000000575e-02 -8.185920288848747006e-02
6.923279999999999712e-02 -7.444920288848755341e-02
6.925470000000000237e-02 -5.964920288848740704e-02
6.927659999999999374e-02 -8.798920288848743887e-02
6.929849999999999899e-02 -1.106992028884874468e-01
6.932040000000000424e-02 -1.197392028884873838e-01
6.934229999999999561e-02 -1.130692028884874301e-01
6.936420000000000086e-02 -1.028392028884874687e-01
6.938610000000000610e-02 -1.154192028884875043e-01
6.940799999999999748e-02 -1.170992028884874081e-01
6.942979999999999985e-02 -8.632920288848744406e-02
6.945170000000000510e-02 -6.656920288848744427e-02
6.947359999999999647e-02 -7.468920288848757139e-02
6.949550000000000172e-02 -8.085920288848758020e-02
6.951739999999999309e-02 -6.635920288848740078e-02
6.953929999999999834e-02 -4.143920288848756961e-02
6.956120000000000358e-02 -2.214920288848754026e-02
6.958309999999999496e-02 -9.879202888487537138e-03
6.960500000000000020e-02 -1.828920288848756570e-02
6.962690000000000545e-02 -5.403920288848751419e-02
6.964879999999999682e-02 -1.046292028884874270e-01
6.967070000000000207e-02 -1.371992028884874149e-01
6.969259999999999344e-02 -1.390192028884875697e-01
6.971449999999999869e-02 -1.407792028884875535e-01
6.973640000000000394e-02 -1.393492028884875111e-01
6.975829999999999531e-02 -1.011492028884874994e-01
6.978020000000000056e-02 -5.047920288848750658e-02
6.980210000000000581e-02 -3.565920288848745123e-02
6.982399999999999718e-02 -5.062920288848737904e-02
6.984590000000000243e-02 -7.360920288848737947e-02
6.986779999999999380e-02 -8.794920288848739887e-02
6.988959999999999617e-02 -9.143920288848739197e-02
6.991150000000000142e-02 -8.928920288848751774e-02
6.993340000000000667e-02 -7.607920288848757373e-02
6.995529999999999804e-02 -5.773920288848755078e-02
6.997720000000000329e-02 -5.029920288848743759e-02
6.999909999999999466e-02 -6.561920288848743787e-02
7.002099999999999991e-02 -9.829920288848748022e-02
7.004290000000000516e-02 -1.116892028884874932e-01
7.006479999999999653e-02 -8.798920288848743887e-02
7.008670000000000178e-02 -6.833920288848749358e-02
7.010859999999999315e-02 -7.954920288848743581e-02
7.013049999999999840e-02 -1.024992028884874617e-01
7.015240000000000364e-02 -1.203192028884874087e-01
7.017429999999999501e-02 -1.273692028884874095e-01
7.019620000000000026e-02 -1.337792028884874362e-01
7.021810000000000551e-02 -1.459592028884875159e-01
7.023999999999999688e-02 -1.479692028884875832e-01
7.026190000000000213e-02 -1.414692028884874109e-01
7.028379999999999350e-02 -1.518392028884874012e-01
7.030569999999999875e-02 -1.794192028884875612e-01
7.032760000000000400e-02 -1.937992028884873985e-01
7.034940000000000637e-02 -1.804992028884875310e-01
7.037129999999999774e-02 -1.441892028884874666e-01
7.039320000000000299e-02 -9.853920288848749820e-02
7.041509999999999436e-02 -6.708920288848752023e-02
7.043699999999999961e-02 -6.370920288848758162e-02
7.045890000000000486e-02 -8.580920288848736810e-02
7.048079999999999623e-02 -1.056392028884873824e-01
7.050270000000000148e-02 -1.028392028884874687e-01
7.052460000000000673e-02 -9.511920288848751959e-02
7.054649999999999810e-02 -9.618920288848742395e-02
7.056840000000000335e-02 -9.910920288848745763e-02
7.059029999999999472e-02 -9.258920288848737634e-02
7.061219999999999997e-02 -8.698920288848754900e-02
7.063410000000000522e-02 -9.415920288848744768e-02
7.065599999999999659e-02 -9.664920288848755092e-02
7.067790000000000183e-02 -8.403920288848754083e-02
7.069979999999999321e-02 -7.218920288848740263e-02
7.072169999999999845e-02 -7.513920288848741080e-02
7.074360000000000370e-02 -8.490920288848746722e-02
7.076549999999999507e-02 -8.838920288848739482e-02
7.078740000000000032e-02 -9.069920288848742906e-02
7.080920000000000269e-02 -1.056892028884874879e-01
7.083109999999999407e-02 -1.117692028884875732e-01
7.085299999999999931e-02 -7.693920288848743461e-02
7.087490000000000456e-02 -3.034920288848752534e-02
7.089679999999999593e-02 -2.070920288848743240e-02
7.091870000000000118e-02 -2.116920288848755938e-02
7.094060000000000643e-02 1.505079711151235955e-02
7.096249999999999780e-02 6.195079711151274537e-02
7.098440000000000305e-02 9.086079711151251459e-02
7.100629999999999442e-02 1.147007971115123759e-01
7.102819999999999967e-02 1.361407971115125015e-01
7.105010000000000492e-02 1.397307971115124836e-01
7.107199999999999629e-02 1.318507971115123745e-01
7.109390000000000154e-02 1.432707971115125822e-01
7.111580000000000679e-02 1.666407971115124731e-01
7.113769999999999816e-02 1.696907971115124703e-01
7.115960000000000341e-02 1.693307971115123323e-01
7.118149999999999478e-02 1.945107971115125345e-01
7.120340000000000003e-02 2.275407971115126493e-01
7.122530000000000527e-02 2.360107971115126269e-01
7.124719999999999664e-02 2.207207971115123790e-01
7.126910000000000189e-02 2.112507971115125116e-01
7.129090000000000427e-02 2.186207971115123883e-01
7.131279999999999564e-02 2.243507971115126232e-01
7.133470000000000089e-02 2.145107971115125522e-01
7.135660000000000613e-02 1.936507971115126736e-01
7.137849999999999751e-02 1.686107971115125004e-01
7.140040000000000275e-02 1.548307971115123749e-01
7.142229999999999412e-02 1.612407971115126237e-01
7.144419999999999937e-02 1.664907971115123786e-01
7.146610000000000462e-02 1.682507971115123624e-01
7.148799999999999599e-02 1.886707971115124671e-01
7.150990000000000124e-02 2.168707971115124700e-01
7.153180000000000649e-02 2.214807971115124730e-01
7.155369999999999786e-02 1.988807971115127415e-01
7.157560000000000311e-02 1.702307971115124552e-01
7.159749999999999448e-02 1.648407971115126713e-01
7.161939999999999973e-02 1.959207971115124458e-01
7.164130000000000498e-02 2.325507971115126082e-01
7.166319999999999635e-02 2.274007971115126203e-01
7.168510000000000160e-02 1.905007971115124654e-01
7.170700000000000685e-02 1.760407971115123260e-01
7.172879999999999534e-02 1.805807971115123145e-01
7.175070000000000059e-02 1.641507971115125919e-01
7.177260000000000584e-02 1.389707971115123897e-01
7.179449999999999721e-02 1.239307971115124474e-01
7.181640000000000246e-02 1.096407971115125335e-01
7.183829999999999383e-02 9.739079711151266139e-02
7.186019999999999908e-02 1.038707971115124806e-01
7.188210000000000433e-02 1.134907971115124425e-01
7.190399999999999570e-02 1.088407971115126216e-01
7.192590000000000094e-02 1.183807971115125035e-01
7.194780000000000619e-02 1.480107971115125487e-01
7.196969999999999756e-02 1.593407971115126109e-01
7.199160000000000281e-02 1.518507971115123922e-01
7.201349999999999418e-02 1.542007971115126885e-01
7.203539999999999943e-02 1.644007971115124533e-01
7.205730000000000468e-02 1.725007971115126715e-01
7.207919999999999605e-02 1.704107971115123021e-01
7.210110000000000130e-02 1.501907971115126195e-01
7.212300000000000655e-02 1.186907971115123139e-01
7.214489999999999792e-02 9.662079711151250194e-02
7.216680000000000317e-02 7.959079711151240133e-02
7.218860000000000554e-02 5.455079711151267219e-02
7.221049999999999691e-02 2.484079711151254699e-02
7.223240000000000216e-02 4.990797111512623729e-03
7.225429999999999353e-02 -2.792028884872621575e-04
7.227619999999999878e-02 -1.204920288848754240e-02
7.229810000000000403e-02 -2.980920288848754041e-02
7.231999999999999540e-02 -4.699920288848757899e-02
7.234190000000000065e-02 -5.535920288848750204e-02
7.236380000000000590e-02 -8.008920288848742075e-02
7.238569999999999727e-02 -7.035920288848740434e-02
7.240760000000000252e-02 -3.994920288848757828e-02
7.242949999999999389e-02 -4.578920288848742359e-02
7.245139999999999914e-02 -6.172920288848748882e-02
7.247330000000000438e-02 -7.789920288848750651e-02
7.249519999999999575e-02 -8.038920288848738771e-02
7.251710000000000100e-02 -6.835920288848740256e-02
7.253900000000000625e-02 -6.533920288848737989e-02
7.256089999999999762e-02 -6.328920288848749465e-02
7.258280000000000287e-02 -4.659920288848740100e-02
7.260469999999999424e-02 -4.337920288848740036e-02
7.262659999999999949e-02 -7.655920288848738764e-02
7.264850000000000474e-02 -1.154492028884874788e-01
7.267029999999999323e-02 -1.229292028884874100e-01
7.269219999999999848e-02 -1.143892028884874179e-01
7.271410000000000373e-02 -1.030292028884873812e-01
7.273599999999999510e-02 -7.871920288848754943e-02
7.275790000000000035e-02 -6.267920288848749522e-02
7.277980000000000560e-02 -6.462920288848739148e-02
7.280169999999999697e-02 -7.356920288848756151e-02
7.282360000000000222e-02 -7.721920288848749259e-02
7.284549999999999359e-02 -7.603920288848753373e-02
7.286739999999999884e-02 -8.788920288848744988e-02
7.288930000000000409e-02 -9.523920288848741755e-02
7.291119999999999546e-02 -7.427920288848754993e-02
7.293310000000000071e-02 -5.353920288848756925e-02
7.295500000000000596e-02 -7.193920288848754119e-02
7.297689999999999733e-02 -1.157892028884874858e-01
7.299880000000000257e-02 -1.508592028884874203e-01
7.302069999999999395e-02 -1.578792028884874465e-01
7.304259999999999919e-02 -1.481692028884875612e-01
7.306450000000000444e-02 -1.456492028884874834e-01
7.308639999999999581e-02 -1.472092028884874892e-01
7.310819999999999819e-02 -1.394692028884874091e-01
7.313010000000000344e-02 -1.227292028884874320e-01
7.315199999999999481e-02 -1.143592028884874434e-01
7.317390000000000005e-02 -1.336692028884873817e-01
7.319580000000000530e-02 -1.551692028884874563e-01
7.321769999999999667e-02 -1.412892028884875639e-01
7.323960000000000192e-02 -1.180692028884875455e-01
7.326149999999999329e-02 -1.220392028884875746e-01
7.328339999999999854e-02 -1.338892028884874907e-01
7.330530000000000379e-02 -1.263392028884875451e-01
7.332719999999999516e-02 -1.108492028884875413e-01
7.334910000000000041e-02 -1.190792028884875009e-01
7.337100000000000566e-02 -1.408292028884874370e-01
7.339289999999999703e-02 -1.403092028884875830e-01
7.341480000000000228e-02 -1.263192028884874141e-01
7.343669999999999365e-02 -1.174992028884875861e-01
7.345859999999999890e-02 -1.033592028884875447e-01
7.348050000000000415e-02 -8.824920288848736583e-02
7.350239999999999552e-02 -9.408920288848743319e-02
7.352430000000000077e-02 -1.116192028884874787e-01
7.354620000000000601e-02 -1.157592028884875113e-01
7.356809999999999738e-02 -1.056592028884875134e-01
7.358989999999999976e-02 -1.048892028884875760e-01
7.361180000000000501e-02 -1.302392028884875597e-01
7.363369999999999638e-02 -1.587292028884874640e-01
7.365560000000000163e-02 -1.549692028884874784e-01
7.367750000000000687e-02 -1.206892028884873902e-01
7.369939999999999825e-02 -8.806920288848751888e-02
7.372130000000000349e-02 -7.784920288848740100e-02
7.374319999999999486e-02 -7.807920288848757551e-02
7.376510000000000011e-02 -8.166920288848755760e-02
7.378700000000000536e-02 -8.341920288848747589e-02
7.380889999999999673e-02 -6.743920288848737066e-02
7.383080000000000198e-02 -4.289920288848758645e-02
7.385269999999999335e-02 -3.510920288848740078e-02
7.387459999999999860e-02 -4.332920288848751689e-02
7.389650000000000385e-02 -3.544920288848740775e-02
7.391839999999999522e-02 3.820797111512508337e-03
7.394030000000000047e-02 3.933079711151243885e-02
7.396220000000000572e-02 3.685079711151262316e-02
7.398409999999999709e-02 3.625079711151268924e-02
7.400600000000000234e-02 8.139079711151264718e-02
7.402789999999999371e-02 1.315807971115123820e-01
7.404969999999999608e-02 1.458707971115127400e-01
7.407160000000000133e-02 1.584607971115126190e-01
7.409350000000000658e-02 1.872407971115124248e-01
7.411539999999999795e-02 1.963907971115124163e-01
7.413730000000000320e-02 1.901007971115125095e-01
7.415919999999999457e-02 1.889007971115126416e-01
7.418109999999999982e-02 1.772407971115126379e-01
7.420300000000000507e-02 1.588007971115126260e-01
7.422489999999999644e-02 1.603007971115126828e-01
7.424680000000000168e-02 1.770007971115123979e-01
7.426870000000000693e-02 1.761207971115124060e-01
7.429059999999999830e-02 1.454407971115125875e-01
7.431250000000000355e-02 1.155707971115123023e-01
7.433439999999999492e-02 1.211407971115123772e-01
7.435630000000000017e-02 1.477407971115125562e-01
7.437820000000000542e-02 1.553907971115124909e-01
7.440009999999999679e-02 1.429107971115124442e-01
7.442200000000000204e-02 1.426607971115125828e-01
7.444389999999999341e-02 1.580607971115126631e-01
7.446579999999999866e-02 1.623907971115126081e-01
7.448760000000000103e-02 1.482207971115125922e-01
7.450950000000000628e-02 1.339207971115126128e-01
7.453139999999999765e-02 1.263907971115125761e-01
7.455330000000000290e-02 1.286607971115123483e-01
7.457519999999999427e-02 1.480307971115126797e-01
7.459709999999999952e-02 1.682207971115126099e-01
7.461900000000000477e-02 1.741607971115124442e-01
7.464089999999999614e-02 1.740907971115124298e-01
7.466280000000000139e-02 1.753607971115123121e-01
7.468470000000000664e-02 1.736507971115126558e-01
7.470659999999999801e-02 1.601007971115127049e-01
7.472850000000000326e-02 1.304607971115125942e-01
7.475039999999999463e-02 1.121507971115125457e-01
7.477229999999999988e-02 1.286007971115123993e-01
7.479420000000000512e-02 1.457607971115124634e-01
7.481609999999999649e-02 1.291507971115124498e-01
7.483800000000000174e-02 1.066007971115126018e-01
7.485989999999999311e-02 1.083507971115125201e-01
7.488179999999999836e-02 1.028507971115124597e-01
7.490370000000000361e-02 6.672079711151246428e-02
7.492559999999999498e-02 3.729079711151239707e-02
7.494750000000000023e-02 2.714079711151251573e-02
7.496930000000000260e-02 1.625079711151267148e-02
7.499119999999999397e-02 9.230797111512423214e-03
7.501309999999999922e-02 2.223079711151232374e-02
7.503500000000000447e-02 3.872079711151243941e-02
7.505689999999999584e-02 4.395079711151250734e-02
7.507880000000000109e-02 5.420079711151259971e-02
7.510070000000000634e-02 6.191079711151248333e-02
7.512259999999999771e-02 4.492079711151264476e-02
7.514450000000000296e-02 2.052079711151266750e-02
7.516639999999999433e-02 1.125079711151233397e-02
7.518829999999999958e-02 5.580797111512492137e-03
7.521020000000000483e-02 -8.979202888487414214e-03
7.523209999999999620e-02 -3.009920288848744185e-02
7.525400000000000145e-02 -5.059920288848740455e-02
7.527590000000000670e-02 -7.140920288848739972e-02
7.529779999999999807e-02 -8.317920288848745791e-02
7.531970000000000331e-02 -7.329920288848756904e-02
7.534159999999999469e-02 -5.298920288848751881e-02
7.536349999999999993e-02 -4.277920288848746644e-02
7.538540000000000518e-02 -2.968920288848742040e-02
7.540729999999999655e-02 -1.298920288848748328e-02
7.542909999999999893e-02 -2.033920288848745095e-02
7.545100000000000418e-02 -3.499920288848756833e-02
7.547289999999999555e-02 -4.890920288848743525e-02
7.549480000000000079e-02 -6.334920288848744363e-02
7.551670000000000604e-02 -9.532920288848756307e-02
7.553859999999999741e-02 -8.064920288848753671e-02
7.556050000000000266e-02 -4.351920288848742935e-02
7.558239999999999403e-02 -5.179920288848749443e-02
7.560429999999999928e-02 -6.991920288848740839e-02
7.562620000000000453e-02 -8.300920288848745443e-02
7.564809999999999590e-02 -7.743920288848737954e-02
7.567000000000000115e-02 -6.540920288848739439e-02
7.569190000000000640e-02 -8.527920288848744867e-02
7.571379999999999777e-02 -1.103992028884874799e-01
7.573570000000000302e-02 -1.068792028884875123e-01
7.575759999999999439e-02 -1.068292028884874068e-01
7.577949999999999964e-02 -1.327492028884875719e-01
7.580140000000000489e-02 -1.579492028884874610e-01
7.582329999999999626e-02 -1.564192028884874297e-01
7.584520000000000151e-02 -1.278892028884874854e-01
7.586700000000000388e-02 -7.722920288848755810e-02
7.588889999999999525e-02 -2.894920288848745749e-02
7.591080000000000050e-02 -1.615920288848737840e-02
7.593270000000000575e-02 -3.169920288848748768e-02
7.595459999999999712e-02 -5.847920288848751369e-02
7.597650000000000237e-02 -7.804920288848737897e-02
7.599839999999999374e-02 -8.008920288848742075e-02
7.602029999999999899e-02 -8.031920288848737322e-02
7.604220000000000423e-02 -8.278920288848756748e-02
7.606409999999999560e-02 -8.153920288848737208e-02
7.608600000000000085e-02 -8.809920288848749337e-02
7.610790000000000610e-02 -1.126392028884874996e-01
7.612979999999999747e-02 -1.466992028884874788e-01
7.615170000000000272e-02 -1.795192028884875501e-01
7.617359999999999409e-02 -1.957092028884874768e-01
7.619549999999999934e-02 -1.946992028884875214e-01
7.621740000000000459e-02 -1.973392028884874971e-01
7.623929999999999596e-02 -2.042692028884873778e-01
7.626120000000000121e-02 -1.928992028884874976e-01
7.628310000000000646e-02 -1.671892028884873760e-01
7.630499999999999783e-02 -1.543992028884875189e-01
7.632690000000000308e-02 -1.580892028884874900e-01
7.634870000000000545e-02 -1.528892028884873966e-01
7.637059999999999682e-02 -1.301092028884873741e-01
7.639250000000000207e-02 -1.135992028884875715e-01
7.641439999999999344e-02 -1.239692028884875619e-01
7.643629999999999869e-02 -1.447092028884875425e-01
7.645820000000000394e-02 -1.444692028884875246e-01
7.648009999999999531e-02 -1.185992028884874649e-01
7.650200000000000056e-02 -9.644920288848757295e-02
7.652390000000000581e-02 -9.775920288848749529e-02
7.654579999999999718e-02 -9.697920288848749237e-02
7.656770000000000242e-02 -7.981920288848742828e-02
7.658959999999999380e-02 -7.783920288848755753e-02
7.661149999999999904e-02 -1.026892028884873742e-01
7.663340000000000429e-02 -1.247292028884874338e-01
7.665529999999999566e-02 -1.236292028884875549e-01
7.667720000000000091e-02 -1.066792028884875343e-01
7.669910000000000616e-02 -8.980920288848737165e-02
7.672099999999999753e-02 -7.576920288848754126e-02
7.674290000000000278e-02 -6.262920288848738970e-02
7.676479999999999415e-02 -5.917920288848743660e-02
7.678669999999999940e-02 -5.834920288848755021e-02
7.680850000000000177e-02 -4.464920288848750474e-02
7.683039999999999314e-02 -2.537920288848738437e-02
7.685229999999999839e-02 -2.341920288848742260e-02
7.687420000000000364e-02 -6.712920288848756023e-02
7.689609999999999501e-02 -1.320592028884874924e-01
7.691800000000000026e-02 -1.555092028884874633e-01
7.693990000000000551e-02 -1.301592028884874797e-01
7.696179999999999688e-02 -9.022920288848745862e-02
7.698370000000000213e-02 -5.667920288848748989e-02
7.700559999999999350e-02 -4.756920288848753842e-02
7.702749999999999875e-02 -6.936920288848757998e-02
7.704940000000000400e-02 -8.390920288848757735e-02
7.707129999999999537e-02 -5.247920288848750836e-02
7.709320000000000062e-02 1.907971115127082840e-04
7.711510000000000586e-02 1.533079711151241753e-02
7.713699999999999724e-02 -3.559202888487433825e-03
7.715890000000000248e-02 -2.209202888487471483e-03
7.718079999999999385e-02 2.557079711151244439e-02
7.720269999999999910e-02 3.765079711151253505e-02
7.722460000000000435e-02 3.416079711151231990e-02
7.724640000000000672e-02 4.578079711151250564e-02
7.726829999999999810e-02 6.734079711151252923e-02
7.729020000000000334e-02 8.601079711151271567e-02
7.731209999999999471e-02 1.002207971115125495e-01
7.733399999999999996e-02 1.151907971115124774e-01
7.735590000000000521e-02 1.363407971115124795e-01
7.737779999999999658e-02 1.514607971115125018e-01
7.739970000000000183e-02 1.569607971115125622e-01
7.742159999999999320e-02 1.586607971115125970e-01
7.744349999999999845e-02 1.463407971115127104e-01
7.746540000000000370e-02 1.257707971115125112e-01
7.748729999999999507e-02 1.271307971115125390e-01
7.750920000000000032e-02 1.529207971115127407e-01
7.753110000000000557e-02 1.632907971115127310e-01
7.755299999999999694e-02 1.402607971115124030e-01
7.757490000000000219e-02 1.215207971115126462e-01
7.759679999999999356e-02 1.334607971115127079e-01
7.761869999999999881e-02 1.522607971115124137e-01
7.764060000000000406e-02 1.554907971115127019e-01
7.766249999999999543e-02 1.497307971115127145e-01
7.768440000000000067e-02 1.404107971115124975e-01
7.770630000000000592e-02 1.360407971115127346e-01
7.772809999999999442e-02 1.481107971115123156e-01
7.774999999999999967e-02 1.619307971115127032e-01
7.777190000000000492e-02 1.631307971115125710e-01
7.779379999999999629e-02 1.638207971115126504e-01
7.781570000000000153e-02 1.685807971115123038e-01
7.783760000000000678e-02 1.684207971115125879e-01
7.785949999999999815e-02 1.605007971115126608e-01
7.788140000000000340e-02 1.392207971115126952e-01
7.790329999999999477e-02 1.197707971115127279e-01
7.792520000000000002e-02 1.258907971115124091e-01
7.794710000000000527e-02 1.389707971115123897e-01
7.796899999999999664e-02 1.276007971115125095e-01
7.799090000000000189e-02 1.010207971115124614e-01
7.801279999999999326e-02 8.402079711151255736e-02
7.803469999999999851e-02 7.555079711151257982e-02
7.805660000000000376e-02 7.292079711151266963e-02
7.807849999999999513e-02 8.939079711151265428e-02
7.810040000000000038e-02 1.095407971115123225e-01
7.812230000000000563e-02 1.146907971115123104e-01
7.814419999999999700e-02 1.192307971115127430e-01
7.816610000000000225e-02 1.358407971115123125e-01
7.818790000000000462e-02 1.367907971115123189e-01
7.820979999999999599e-02 1.032007971115125322e-01
7.823170000000000124e-02 6.597079711151243586e-02
7.825360000000000649e-02 4.607079711151262913e-02
7.827549999999999786e-02 3.342079711151235699e-02
7.829740000000000311e-02 2.229079711151271681e-02
7.831929999999999448e-02 1.223079711151253690e-02
7.834119999999999973e-02 1.182079711151251544e-02
7.836310000000000497e-02 3.328079711151232800e-02
7.838499999999999635e-02 4.737079711151270800e-02
7.840690000000000159e-02 3.150079711151265727e-02
7.842880000000000684e-02 1.258079711151260938e-02
7.845069999999999821e-02 1.481079711151256362e-02
7.847260000000000346e-02 2.101079711151232488e-02
7.849449999999999483e-02 6.120797111512477073e-03
7.851640000000000008e-02 -2.349920288848750261e-02
7.853830000000000533e-02 -3.542920288848749877e-02
7.856019999999999670e-02 -2.545920288848746438e-02
7.858210000000000195e-02 -2.395920288848740753e-02
7.860399999999999332e-02 -2.641920288848753628e-02
7.862589999999999857e-02 -3.241920288848754161e-02
7.864770000000000094e-02 -4.804920288848757437e-02
7.866960000000000619e-02 -8.536920288848737215e-02
7.869149999999999756e-02 -8.024920288848758076e-02
7.871340000000000281e-02 -5.942920288848752008e-02
7.873529999999999418e-02 -7.712920288848756911e-02
7.875719999999999943e-02 -9.331920288848749578e-02
7.877910000000000468e-02 -1.030892028884875522e-01
7.880099999999999605e-02 -1.027192028884875707e-01
7.882290000000000130e-02 -9.765920288848750630e-02
7.884480000000000655e-02 -1.056392028884873824e-01
7.886669999999999792e-02 -9.502920288848737407e-02
7.888860000000000317e-02 -5.589920288848748697e-02
7.891049999999999454e-02 -3.712920288848753358e-02
7.893239999999999978e-02 -5.091920288848750253e-02
7.895430000000000503e-02 -5.652920288848739538e-02
7.897619999999999640e-02 -4.020920288848750523e-02
7.899810000000000165e-02 -2.768920288848741862e-02
7.902000000000000690e-02 -2.685920288848753223e-02
7.904189999999999827e-02 -1.372920288848744619e-02
7.906380000000000352e-02 -5.729202888487439083e-03
7.908569999999999489e-02 -3.476920288848739382e-02
7.910760000000000014e-02 -8.064920288848753671e-02
7.912940000000000251e-02 -1.091192028884875320e-01
7.915129999999999388e-02 -1.219592028884874946e-01
7.917319999999999913e-02 -1.376692028884873853e-01
7.919510000000000438e-02 -1.369892028884873714e-01
7.921699999999999575e-02 -1.024992028884874617e-01
7.923890000000000100e-02 -7.209920288848747916e-02
7.926080000000000625e-02 -7.559920288848753778e-02
7.928269999999999762e-02 -9.167920288848740995e-02
7.930460000000000287e-02 -1.027192028884875707e-01
7.932649999999999424e-02 -1.080392028884875621e-01
7.934839999999999949e-02 -1.177592028884875131e-01
7.937030000000000474e-02 -1.290992028884874188e-01
7.939219999999999611e-02 -1.274492028884874895e-01
7.941410000000000136e-02 -1.254692028884873967e-01
7.943600000000000660e-02 -1.317392028884873945e-01
7.945789999999999798e-02 -1.288492028884875573e-01
7.947980000000000322e-02 -1.191092028884874754e-01
7.950169999999999459e-02 -1.187492028884875594e-01
7.952359999999999984e-02 -1.245392028884875213e-01
7.954550000000000509e-02 -1.336892028884875128e-01
7.956739999999999646e-02 -1.456392028884874179e-01
7.958919999999999884e-02 -1.531592028884873891e-01
7.961110000000000408e-02 -1.526692028884875096e-01
7.963299999999999546e-02 -1.518992028884875722e-01
7.965490000000000070e-02 -1.590792028884875364e-01
7.967680000000000595e-02 -1.528492028884875786e-01
7.969869999999999732e-02 -1.151192028884875374e-01
7.972060000000000257e-02 -7.384920288848739744e-02
7.974249999999999394e-02 -5.987920288848758155e-02
7.976439999999999919e-02 -7.366920288848755050e-02
7.978630000000000444e-02 -9.336920288848737925e-02
7.980819999999999581e-02 -1.034192028884874937e-01
7.983010000000000106e-02 -1.052292028884875830e-01
7.985200000000000631e-02 -8.834920288848757686e-02
7.987389999999999768e-02 -5.653920288848746090e-02
7.989580000000000293e-02 -4.945920288848748569e-02
7.991769999999999430e-02 -8.409920288848748982e-02
7.993959999999999955e-02 -1.211692028884874262e-01
7.996150000000000480e-02 -1.229292028884874100e-01
7.998339999999999617e-02 -1.016992028884875499e-01
8.000530000000000141e-02 -9.019920288848748413e-02
8.002710000000000379e-02 -9.541920288848748655e-02
8.004899999999999516e-02 -9.395920288848746971e-02
8.007090000000000041e-02 -7.809920288848748449e-02
8.009280000000000566e-02 -5.901920288848749863e-02
8.011469999999999703e-02 -4.264920288848750296e-02
8.013660000000000228e-02 -3.364920288848738394e-02
8.015849999999999365e-02 -3.650920288848746864e-02
8.018039999999999889e-02 -5.256920288848743184e-02
8.020230000000000414e-02 -6.453920288848746800e-02
8.022419999999999551e-02 -5.314920288848745678e-02
8.024610000000000076e-02 -3.028920288848757636e-02
8.026800000000000601e-02 -1.821920288848755121e-02
8.028989999999999738e-02 -4.719202888487483705e-03
8.031180000000000263e-02 2.177079711151241881e-02
8.033369999999999400e-02 3.681079711151236111e-02
8.035559999999999925e-02 3.078079711151238129e-02
8.037750000000000450e-02 3.055079711151265087e-02
8.039939999999999587e-02 4.415079711151248532e-02
8.042130000000000112e-02 4.999079711151255268e-02
8.044320000000000637e-02 5.485079711151241710e-02
8.046509999999999774e-02 7.060079711151256987e-02
8.048700000000000299e-02 8.270079711151234747e-02
8.050880000000000536e-02 9.453079711151257669e-02
8.053069999999999673e-02 1.203407971115124653e-01
8.055260000000000198e-02 1.516507971115124143e-01
8.057449999999999335e-02 1.656207971115124522e-01
8.059639999999999860e-02 1.530807971115124566e-01
8.061830000000000385e-02 1.432507971115124512e-01
8.064019999999999522e-02 1.612807971115124417e-01
8.066210000000000047e-02 1.855407971115123900e-01
8.068400000000000571e-02 1.901807971115125895e-01
8.070589999999999709e-02 1.852607971115123320e-01
8.072780000000000233e-02 1.924407971115127403e-01
8.074969999999999370e-02 2.071507971115127411e-01
8.077159999999999895e-02 2.118307971115123145e-01
8.079350000000000420e-02 2.017807971115126442e-01
8.081539999999999557e-02 1.808607971115123725e-01
8.083730000000000082e-02 1.573907971115127147e-01
8.085920000000000607e-02 1.499907971115126415e-01
8.088109999999999744e-02 1.589007971115123929e-01
8.090300000000000269e-02 1.570107971115124457e-01
8.092489999999999406e-02 1.442307971115126541e-01
8.094679999999999931e-02 1.435707971115123271e-01
8.096860000000000168e-02 1.496507971115126345e-01
8.099050000000000693e-02 1.411607971115125260e-01
8.101239999999999830e-02 1.145007971115123979e-01
8.103430000000000355e-02 8.141079711151233411e-02
8.105619999999999492e-02 6.553079711151266196e-02
8.107810000000000017e-02 7.249079711151251715e-02
8.110000000000000542e-02 7.625079711151272477e-02
8.112189999999999679e-02 6.323079711151269322e-02
8.114380000000000204e-02 5.005079711151250166e-02
8.116569999999999341e-02 5.566079711151239451e-02
8.118759999999999866e-02 7.392079711151255950e-02
8.120950000000000391e-02 8.728079711151259801e-02
8.123139999999999528e-02 9.179079711151238996e-02
8.125330000000000052e-02 8.325079711151239792e-02
8.127520000000000577e-02 6.920079711151272406e-02
8.129709999999999714e-02 6.534079711151230541e-02
8.131900000000000239e-02 7.971079711151274338e-02
8.134089999999999376e-02 1.022207971115123293e-01
8.136279999999999901e-02 1.198807971115125603e-01
8.138470000000000426e-02 1.319207971115123890e-01
8.140650000000000663e-02 1.291007971115125663e-01
8.142839999999999800e-02 1.043007971115126331e-01
8.145030000000000325e-02 8.143079711151246514e-02
8.147219999999999462e-02 7.879079711151248944e-02
8.149409999999999987e-02 8.386079711151239735e-02
8.151600000000000512e-02 8.935079711151239223e-02
8.153789999999999649e-02 8.903079711151251630e-02
8.155980000000000174e-02 7.236079711151255367e-02
8.158169999999999311e-02 4.831079711151264888e-02
8.160359999999999836e-02 4.319079711151241341e-02
8.162550000000000361e-02 4.745079711151234392e-02
8.164739999999999498e-02 3.316079711151243004e-02
8.166930000000000023e-02 8.100797111512569870e-03
8.169120000000000548e-02 5.490797111512346618e-03
8.171309999999999685e-02 2.116079711151241938e-02
8.173500000000000210e-02 1.917079711151270516e-02
8.175689999999999347e-02 3.240797111512705442e-03
8.177879999999999872e-02 -2.059920288848737790e-02
8.180070000000000396e-02 -3.995920288848742175e-02
8.182259999999999533e-02 -6.489920288848738394e-02
8.184450000000000058e-02 -5.328920288848748577e-02
8.186640000000000583e-02 -3.881920288848750289e-02
8.188819999999999433e-02 -5.655920288848736988e-02
8.191009999999999958e-02 -6.264920288848752072e-02
8.193200000000000482e-02 -7.003920288848752840e-02
8.195389999999999620e-02 -7.260920288848748960e-02
8.197580000000000144e-02 -5.643920288848747191e-02
8.199770000000000669e-02 -4.768920288848743638e-02
8.201959999999999806e-02 -4.357920288848737833e-02
8.204150000000000331e-02 -3.256920288848741407e-02
8.206339999999999468e-02 -4.068920288848754119e-02
8.208529999999999993e-02 -7.687920288848748562e-02
8.210720000000000518e-02 -1.095592028884875280e-01
8.212909999999999655e-02 -1.153992028884873733e-01
8.215100000000000180e-02 -1.006492028884875545e-01
8.217289999999999317e-02 -7.210920288848754467e-02
8.219479999999999842e-02 -3.830920288848749244e-02
8.221670000000000367e-02 -2.977920288848756591e-02
8.223859999999999504e-02 -4.377920288848757835e-02
8.226050000000000029e-02 -5.377920288848758723e-02
8.228240000000000554e-02 -5.435920288848739013e-02
8.230429999999999691e-02 -6.364920288848741059e-02
8.232620000000000215e-02 -1.003092028884875475e-01
8.234800000000000453e-02 -1.347792028884875482e-01
8.236989999999999590e-02 -1.253892028884875387e-01
8.239180000000000115e-02 -9.471920288848756364e-02
8.241370000000000640e-02 -9.230920288848754041e-02
8.243559999999999777e-02 -1.204692028884875032e-01
8.245750000000000302e-02 -1.522592028884874882e-01
8.247939999999999439e-02 -1.608592028884874292e-01
8.250129999999999963e-02 -1.545092028884875734e-01
8.252320000000000488e-02 -1.495692028884874070e-01
8.254509999999999625e-02 -1.367392028884875099e-01
8.256700000000000150e-02 -1.166692028884874777e-01
8.258890000000000675e-02 -1.078492028884874276e-01
8.261079999999999812e-02 -1.227892028884873810e-01
8.263270000000000337e-02 -1.605992028884875022e-01
8.265459999999999474e-02 -1.938392028884874385e-01
8.267649999999999999e-02 -1.917092028884874733e-01
8.269840000000000524e-02 -1.809192028884873960e-01
8.272029999999999661e-02 -1.957992028884874003e-01
8.274220000000000186e-02 -2.059892028884875437e-01
8.276409999999999323e-02 -1.812992028884874429e-01
8.278589999999999560e-02 -1.488792028884875496e-01
8.280780000000000085e-02 -1.479792028884874266e-01
8.282970000000000610e-02 -1.635892028884875504e-01
8.285159999999999747e-02 -1.510192028884875803e-01
8.287350000000000272e-02 -1.185992028884874649e-01
8.289539999999999409e-02 -1.116192028884874787e-01
8.291729999999999934e-02 -1.382492028884874102e-01
8.293920000000000459e-02 -1.602992028884875353e-01
8.296109999999999596e-02 -1.525092028884875717e-01
8.298300000000000121e-02 -1.303592028884874576e-01
8.300490000000000645e-02 -1.056892028884874879e-01
8.302679999999999783e-02 -7.491920288848752385e-02
8.304870000000000307e-02 -5.647920288848751191e-02
8.307059999999999444e-02 -7.274920288848751859e-02
8.309249999999999969e-02 -9.967920288848741706e-02
8.311440000000000494e-02 -1.030792028884874867e-01
8.313629999999999631e-02 -8.867920288848751831e-02
8.315820000000000156e-02 -8.283920288848745095e-02
8.318010000000000681e-02 -9.945920288848753010e-02
8.320199999999999818e-02 -1.134892028884875170e-01
8.322390000000000343e-02 -1.045292028884874380e-01
8.324579999999999480e-02 -8.686920288848742899e-02
8.326759999999999717e-02 -6.920920288848741997e-02
8.328950000000000242e-02 -5.723920288848738380e-02
8.331139999999999379e-02 -6.286920288848740768e-02
8.333329999999999904e-02 -7.240920288848751163e-02
8.335520000000000429e-02 -6.173920288848755433e-02
8.337709999999999566e-02 -3.910920288848740434e-02
8.339900000000000091e-02 -2.776920288848749863e-02
8.342090000000000616e-02 -2.720920288848738267e-02
8.344279999999999753e-02 -1.493920288848737954e-02
8.346470000000000278e-02 8.620797111512423783e-03
8.348659999999999415e-02 1.933079711151242108e-02
8.350849999999999940e-02 9.680797111512706721e-03
8.353040000000000465e-02 4.590797111512667783e-03
8.355229999999999602e-02 2.447079711151234349e-02
8.357420000000000126e-02 5.562079711151257655e-02
8.359610000000000651e-02 8.725079711151240147e-02
8.361799999999999788e-02 1.155807971115123678e-01
8.363990000000000313e-02 1.364907971115125740e-01
8.366179999999999450e-02 1.555907971115124688e-01
8.368369999999999975e-02 1.704307971115124332e-01
8.370560000000000500e-02 1.757807971115123991e-01
8.372739999999999350e-02 1.711707971115123961e-01
8.374929999999999874e-02 1.560207971115126213e-01
8.377120000000000399e-02 1.432207971115126988e-01
8.379309999999999536e-02 1.479207971115124032e-01
8.381500000000000061e-02 1.631607971115123235e-01
8.383690000000000586e-02 1.626307971115124040e-01
8.385879999999999723e-02 1.419607971115124379e-01
8.388070000000000248e-02 1.307607971115123391e-01
8.390259999999999385e-02 1.389607971115123242e-01
8.392449999999999910e-02 1.526207971115125517e-01
8.394640000000000435e-02 1.652807971115124452e-01
8.396829999999999572e-02 1.725107971115127370e-01
8.399020000000000097e-02 1.677807971115123920e-01
8.401210000000000622e-02 1.669207971115125311e-01
8.403399999999999759e-02 1.842307971115126897e-01
8.405590000000000284e-02 1.921307971115124857e-01
8.407779999999999421e-02 1.771107971115126745e-01
8.409969999999999946e-02 1.735907971115127069e-01
8.412160000000000470e-02 1.968207971115125687e-01
8.414349999999999608e-02 2.138707971115123563e-01
8.416529999999999845e-02 1.975707971115125972e-01
8.418720000000000370e-02 1.663307971115126627e-01
8.420909999999999507e-02 1.623207971115125936e-01
8.423100000000000032e-02 1.877707971115123442e-01
8.425290000000000556e-02 2.036307971115123294e-01
8.427479999999999694e-02 1.940907971115124475e-01
8.429670000000000218e-02 1.831107971115124577e-01
8.431859999999999356e-02 1.909307971115126179e-01
8.434049999999999880e-02 1.986207971115123705e-01
8.436240000000000405e-02 1.865307971115126584e-01
8.438429999999999542e-02 1.688407971115126749e-01
8.440620000000000067e-02 1.504607971115126119e-01
8.442810000000000592e-02 1.287607971115125594e-01
8.444999999999999729e-02 1.129507971115124576e-01
8.447190000000000254e-02 1.130107971115124066e-01
8.449379999999999391e-02 1.163007971115126438e-01
8.451569999999999916e-02 1.150707971115125794e-01
8.453760000000000441e-02 1.233907971115124624e-01
8.455949999999999578e-02 1.277107971115123419e-01
8.458140000000000103e-02 1.073007971115123027e-01
8.460330000000000628e-02 8.252079711151250052e-02
8.462519999999999765e-02 7.282079711151245860e-02
8.464700000000000002e-02 6.935079711151237447e-02
8.466890000000000527e-02 6.467079711151235699e-02
8.469079999999999664e-02 5.446079711151252667e-02
8.471270000000000189e-02 3.479079711151245036e-02
8.473459999999999326e-02 1.734079711151270686e-02
8.475649999999999851e-02 2.378079711151270814e-02
8.477840000000000376e-02 3.526079711151242080e-02
8.480029999999999513e-02 2.703079711151268327e-02
8.482220000000000037e-02 1.449079711151268768e-02
8.484410000000000562e-02 1.986079711151234051e-02
8.486599999999999699e-02 3.005079711151248389e-02
8.488790000000000224e-02 2.377079711151264263e-02
8.490979999999999361e-02 2.311079711151231564e-02
8.493169999999999886e-02 2.478079711151259801e-02
8.495360000000000411e-02 1.656079711151248191e-02
8.497549999999999548e-02 -1.159920288848725889e-02
8.499740000000000073e-02 5.360797111512383140e-03
8.501930000000000598e-02 3.929079711151262089e-02
8.504119999999999735e-02 2.081079711151234690e-02
8.506310000000000260e-02 -1.704920288848743581e-02
8.508499999999999397e-02 -5.105920288848753152e-02
8.510679999999999634e-02 -6.548920288848747440e-02
8.512870000000000159e-02 -6.540920288848739439e-02
8.515060000000000684e-02 -7.521920288848749081e-02
8.517249999999999821e-02 -7.813920288848752449e-02
8.519440000000000346e-02 -6.587920288848758688e-02
8.521629999999999483e-02 -7.887920288848748740e-02
8.523820000000000008e-02 -1.159192028884874492e-01
8.526010000000000533e-02 -1.342592028884874722e-01
8.528199999999999670e-02 -1.275992028884875840e-01
8.530390000000000195e-02 -1.088192028884875651e-01
8.532579999999999332e-02 -8.757920288848741741e-02
8.534769999999999857e-02 -7.111920288848749827e-02
8.536960000000000381e-02 -7.498920288848753835e-02
8.539149999999999519e-02 -9.882920288848739965e-02
8.541340000000000043e-02 -1.212692028884874151e-01
8.543530000000000568e-02 -1.297792028884874327e-01
8.545719999999999705e-02 -1.345492028884873736e-01
8.547910000000000230e-02 -1.523292028884875027e-01
8.550099999999999367e-02 -1.648392028884875238e-01
8.552289999999999892e-02 -1.522892028884874627e-01
8.554480000000000417e-02 -1.371092028884874914e-01
8.556660000000000654e-02 -1.459092028884874104e-01
8.558849999999999791e-02 -1.685892028884874438e-01
8.561040000000000316e-02 -1.822192028884874748e-01
8.563229999999999453e-02 -1.713792028884875140e-01
8.565419999999999978e-02 -1.469392028884874968e-01
8.567610000000000503e-02 -1.311392028884874605e-01
8.569799999999999640e-02 -1.234292028884875769e-01
8.571990000000000165e-02 -1.141992028884875054e-01
8.574180000000000690e-02 -1.017592028884874988e-01
8.576369999999999827e-02 -1.033492028884874792e-01
8.578560000000000352e-02 -1.237292028884875439e-01
8.580749999999999489e-02 -1.273892028884875405e-01
8.582940000000000014e-02 -9.512920288848758510e-02
8.585130000000000539e-02 -6.437920288848753003e-02
8.587319999999999676e-02 -6.775920288848746864e-02
8.589510000000000201e-02 -8.441920288848736575e-02
8.591699999999999338e-02 -8.542920288848754318e-02
8.593889999999999862e-02 -7.637920288848754069e-02
8.596080000000000387e-02 -7.612920288848745720e-02
8.598269999999999524e-02 -7.821920288848738245e-02
8.600460000000000049e-02 -6.959920288848753245e-02
8.602650000000000574e-02 -6.366920288848754161e-02
8.604829999999999424e-02 -7.642920288848742416e-02
8.607019999999999949e-02 -9.947920288848743908e-02
8.609210000000000473e-02 -1.140692028884875420e-01
8.611399999999999610e-02 -1.142392028884875455e-01
8.613590000000000135e-02 -1.040792028884873766e-01
8.615780000000000660e-02 -8.994920288848740064e-02
8.617969999999999797e-02 -6.901920288848750751e-02
8.620160000000000322e-02 -4.436920288848744676e-02
8.622349999999999459e-02 -4.231920288848756151e-02
8.624539999999999984e-02 -6.220920288848752477e-02
8.626730000000000509e-02 -7.442920288848742238e-02
8.628919999999999646e-02 -7.226920288848748264e-02
8.631110000000000171e-02 -6.794920288848738110e-02
8.633299999999999308e-02 -6.911920288848749649e-02
8.635489999999999833e-02 -6.639920288848744079e-02
8.637680000000000358e-02 -5.369920288848750722e-02
8.639869999999999495e-02 -3.770920288848755852e-02
8.642060000000000020e-02 -2.524920288848742089e-02
8.644250000000000544e-02 -1.903920288848759412e-02
8.646439999999999682e-02 -1.941920288848741905e-02
8.648630000000000206e-02 -2.661920288848751426e-02
8.650810000000000444e-02 -3.120920288848738622e-02
8.652999999999999581e-02 -2.998920288848738736e-02
8.655190000000000106e-02 -4.496920288848738068e-02
8.657380000000000631e-02 -8.356920288848757039e-02
8.659569999999999768e-02 -9.853920288848749820e-02
8.661760000000000292e-02 -6.852920288848740604e-02
8.663949999999999430e-02 -4.439920288848742125e-02
8.666139999999999954e-02 -4.855920288848758481e-02
8.668330000000000479e-02 -4.095920288848753366e-02
8.670519999999999616e-02 -1.257920288848746182e-02
8.672710000000000141e-02 4.100797111512566318e-03
8.674900000000000666e-02 1.656079711151248191e-02
8.677089999999999803e-02 4.659079711151248304e-02
8.679280000000000328e-02 8.214079711151267560e-02
8.681469999999999465e-02 1.107207971115125034e-01
8.683659999999999990e-02 1.379807971115125653e-01
8.685850000000000515e-02 1.729907971115123289e-01
8.688039999999999652e-02 2.049207971115123428e-01
8.690230000000000177e-02 2.122607971115124670e-01
8.692419999999999314e-02 2.095107971115126588e-01
8.694599999999999551e-02 2.315007971115123908e-01
8.696790000000000076e-02 2.661907971115127225e-01
8.698980000000000601e-02 2.724307971115123017e-01
8.701169999999999738e-02 2.605907971115124511e-01
8.703360000000000263e-02 2.712307971115124339e-01
8.705549999999999400e-02 2.921107971115124435e-01
8.707739999999999925e-02 2.928307971115127195e-01
8.709930000000000450e-02 2.824107971115124016e-01
8.712119999999999587e-02 2.728807971115125852e-01
8.714310000000000112e-02 2.523007971115123205e-01
8.716500000000000636e-02 2.300107971115123995e-01
8.718689999999999773e-02 2.302107971115123775e-01
8.720880000000000298e-02 2.350507971115125549e-01
8.723069999999999435e-02 2.220707971115123414e-01
8.725259999999999960e-02 2.061807971115126037e-01
8.727450000000000485e-02 1.990007971115126395e-01
8.729639999999999622e-02 1.912307971115123628e-01
8.731830000000000147e-02 1.708207971115123236e-01
8.734020000000000672e-02 1.348607971115125537e-01
8.736209999999999809e-02 1.069907971115124923e-01
8.738400000000000334e-02 1.116307971115126918e-01
8.740589999999999471e-02 1.289407971115124063e-01
8.742769999999999708e-02 1.238307971115126804e-01
8.744960000000000233e-02 1.029807971115124232e-01
8.747149999999999370e-02 9.300079711151232331e-02
8.749339999999999895e-02 8.750079711151270700e-02
8.751530000000000420e-02 7.620079711151239721e-02
8.753719999999999557e-02 7.515079711151262387e-02
8.755910000000000082e-02 7.428079711151269748e-02
8.758100000000000607e-02 5.948079711151255111e-02
8.760289999999999744e-02 4.994079711151266920e-02
8.762480000000000269e-02 6.116079711151245490e-02
8.764669999999999406e-02 7.501079711151259488e-02
8.766859999999999931e-02 7.358079711151255253e-02
8.769050000000000455e-02 6.836079711151255012e-02
8.771239999999999593e-02 6.330079711151270772e-02
8.773430000000000117e-02 4.370079711151264590e-02
8.775620000000000642e-02 2.244079711151236722e-02
8.777809999999999779e-02 2.161079711151270288e-02
8.780000000000000304e-02 3.229079711151250365e-02
8.782189999999999441e-02 4.249079711151271255e-02
8.784379999999999966e-02 4.722079711151261350e-02
8.786570000000000491e-02 3.392079711151252397e-02
8.788749999999999341e-02 8.430797111512511322e-03
8.790939999999999865e-02 8.110797111512635382e-03
8.793130000000000390e-02 2.125079711151256490e-02
8.795319999999999527e-02 1.331079711151250677e-02
8.797510000000000052e-02 -3.209202888487361349e-03
8.799700000000000577e-02 3.210797111512508906e-03
8.801889999999999714e-02 1.854079711151257470e-02
8.804080000000000239e-02 4.260797111512726332e-03
8.806269999999999376e-02 -1.609920288848742942e-02
8.808459999999999901e-02 -2.719920288848753920e-02
8.810650000000000426e-02 -4.004920288848756726e-02
8.812839999999999563e-02 -7.012920288848745187e-02
8.815030000000000088e-02 -4.771920288848741087e-02
8.817220000000000613e-02 -4.579202888487454715e-03
8.819409999999999750e-02 -9.809202888487522642e-03
8.821600000000000275e-02 -2.848920288848755256e-02
8.823789999999999412e-02 -4.208920288848738700e-02
8.825979999999999936e-02 -3.780920288848754751e-02
8.828170000000000461e-02 -3.649920288848740313e-02
8.830359999999999598e-02 -6.439920288848743901e-02
8.832539999999999836e-02 -8.812920288848746786e-02
8.834730000000000361e-02 -8.085920288848758020e-02
8.836919999999999498e-02 -8.336920288848737037e-02
8.839110000000000023e-02 -1.188492028884875484e-01
8.841300000000000547e-02 -1.457192028884874979e-01
8.843489999999999684e-02 -1.370292028884874114e-01
8.845680000000000209e-02 -1.081892028884874346e-01
8.847869999999999346e-02 -7.704920288848748910e-02
8.850059999999999871e-02 -4.928920288848748221e-02
8.852250000000000396e-02 -4.175920288848744555e-02
8.854439999999999533e-02 -5.601920288848738494e-02
8.856630000000000058e-02 -7.688920288848755114e-02
8.858820000000000583e-02 -8.646920288848747305e-02
8.861009999999999720e-02 -8.590920288848757913e-02
8.863200000000000245e-02 -1.006592028884873979e-01
8.865389999999999382e-02 -1.190292028884873954e-01
8.867579999999999907e-02 -1.031492028884875012e-01
8.869770000000000432e-02 -6.653920288848746978e-02
8.871959999999999569e-02 -6.077920288848748243e-02
8.874150000000000094e-02 -8.936920288848737570e-02
8.876340000000000618e-02 -1.227992028884874465e-01
8.878529999999999756e-02 -1.343092028884875777e-01
8.880709999999999993e-02 -1.273592028884875660e-01
8.882900000000000518e-02 -1.236392028884873984e-01
8.885089999999999655e-02 -1.250692028884874407e-01
8.887280000000000180e-02 -1.342892028884874467e-01
8.889469999999999317e-02 -1.555192028884875288e-01
8.891659999999999842e-02 -1.793792028884875212e-01
8.893850000000000366e-02 -2.039492028884875019e-01
8.896039999999999504e-02 -2.099292028884873762e-01
8.898230000000000028e-02 -1.810292028884874505e-01
8.900420000000000553e-02 -1.532392028884874691e-01
8.902609999999999690e-02 -1.527492028884873676e-01
8.904800000000000215e-02 -1.540992028884875520e-01
8.906989999999999352e-02 -1.335092028884874438e-01
8.909179999999999877e-02 -1.044292028884874490e-01
8.911370000000000402e-02 -9.446920288848748015e-02
8.913559999999999539e-02 -1.031492028884875012e-01
8.915750000000000064e-02 -1.152992028884873843e-01
8.917940000000000589e-02 -1.295692028884873892e-01
8.920129999999999726e-02 -1.357992028884875690e-01
8.922320000000000251e-02 -1.201692028884875363e-01
8.924509999999999388e-02 -9.871920288848756719e-02
8.926689999999999625e-02 -9.986920288848755156e-02
8.928880000000000150e-02 -1.175392028884874041e-01
8.931070000000000675e-02 -1.188892028884873664e-01
8.933259999999999812e-02 -9.629920288848747845e-02
8.935450000000000337e-02 -8.244920288848756051e-02
8.937639999999999474e-02 -9.996920288848754055e-02
8.939829999999999999e-02 -1.194192028884875079e-01
8.942020000000000524e-02 -1.104592028884874289e-01
8.944209999999999661e-02 -8.421920288848738778e-02
8.946400000000000186e-02 -6.578920288848744136e-02
8.948589999999999323e-02 -6.746920288848756719e-02
8.950779999999999847e-02 -7.125920288848752726e-02
8.952970000000000372e-02 -6.677920288848748775e-02
8.955159999999999509e-02 -6.708920288848752023e-02
8.957350000000000034e-02 -7.115920288848753827e-02
8.959540000000000559e-02 -6.735920288848751269e-02
8.961729999999999696e-02 -5.563920288848756002e-02
8.963920000000000221e-02 -4.194920288848758005e-02
8.966109999999999358e-02 -2.248920288848754723e-02
8.968299999999999883e-02 1.607971115125117478e-04
8.970480000000000120e-02 7.750797111512497395e-03
8.972670000000000645e-02 -3.619202888487382808e-03
8.974859999999999782e-02 -1.269202888487530601e-03
8.977050000000000307e-02 3.200079711151238016e-02
8.979239999999999444e-02 6.305079711151240218e-02
8.981429999999999969e-02 6.809079711151255765e-02
8.983620000000000494e-02 7.663079711151254969e-02
8.985809999999999631e-02 1.062207971115123328e-01
8.988000000000000156e-02 1.248807971115124538e-01
8.990190000000000681e-02 1.284007971115124214e-01
8.992379999999999818e-02 1.332607971115127299e-01
8.994570000000000343e-02 1.328007971115123809e-01
8.996759999999999480e-02 1.307107971115124556e-01
8.998950000000000005e-02 1.382407971115124923e-01
9.001140000000000529e-02 1.490207971115125041e-01
9.003329999999999667e-02 1.426607971115125828e-01
9.005520000000000191e-02 1.177107971115125551e-01
9.007709999999999329e-02 1.078807971115125497e-01
9.009899999999999853e-02 1.291807971115126463e-01
9.012090000000000378e-02 1.531807971115126676e-01
9.014279999999999515e-02 1.575107971115126126e-01
9.016470000000000040e-02 1.578607971115126851e-01
9.018650000000000277e-02 1.669607971115123490e-01
9.020839999999999415e-02 1.682307971115126755e-01
9.023029999999999939e-02 1.557207971115124323e-01
9.025220000000000464e-02 1.435107971115123782e-01
9.027409999999999601e-02 1.399007971115127091e-01
9.029600000000000126e-02 1.389407971115126372e-01
9.031790000000000651e-02 1.400607971115124251e-01
9.033979999999999788e-02 1.467207971115125353e-01
9.036170000000000313e-02 1.432307971115123202e-01
9.038359999999999450e-02 1.289407971115124063e-01
9.040549999999999975e-02 1.305107971115124776e-01
9.042740000000000500e-02 1.485207971115123371e-01
9.044929999999999637e-02 1.551707971115123819e-01
9.047120000000000162e-02 1.430107971115126553e-01
9.049310000000000687e-02 1.292407971115125953e-01
9.051499999999999824e-02 1.390807971115126662e-01
9.053690000000000349e-02 1.742807971115123422e-01
9.055879999999999486e-02 2.024007971115127091e-01
9.058070000000000010e-02 2.019707971115125567e-01
9.060260000000000535e-02 1.850307971115126016e-01
9.062449999999999672e-02 1.730807971115124744e-01
9.064629999999999910e-02 1.625907971115125861e-01
9.066820000000000435e-02 1.359607971115126546e-01
9.069009999999999572e-02 9.988079711151254259e-02
9.071200000000000097e-02 6.793079711151239763e-02
9.073390000000000621e-02 4.787079711151243089e-02
9.075579999999999758e-02 4.310079711151271198e-02
9.077770000000000283e-02 5.590079711151263453e-02
9.079959999999999420e-02 7.204079711151267773e-02
9.082149999999999945e-02 7.484079711151236936e-02
9.084340000000000470e-02 7.073079711151253335e-02
9.086529999999999607e-02 6.426079711151233553e-02
9.088720000000000132e-02 5.117079711151273358e-02
9.090910000000000657e-02 4.320079711151247892e-02
9.093099999999999794e-02 4.947079711151269876e-02
9.095290000000000319e-02 5.927079711151250763e-02
9.097479999999999456e-02 6.688079711151262430e-02
9.099669999999999981e-02 6.909079711151244751e-02
9.101860000000000506e-02 6.131079711151254941e-02
9.104049999999999643e-02 4.581079711151270217e-02
9.106240000000000168e-02 3.705079711151260113e-02
9.108420000000000405e-02 3.638079711151265272e-02
9.110609999999999542e-02 3.289079711151243757e-02
9.112800000000000067e-02 2.121079711151230285e-02
9.114990000000000592e-02 1.469079711151266565e-02
9.117179999999999729e-02 1.282079711151240531e-02
9.119370000000000254e-02 -1.153920288848730991e-02
9.121559999999999391e-02 -3.964920288848738927e-02
9.123749999999999916e-02 -4.531920288848745315e-02
9.125940000000000440e-02 -3.280920288848743205e-02
9.128129999999999578e-02 -5.173920288848754545e-02
9.130320000000000102e-02 -5.261920288848753735e-02
9.132510000000000627e-02 -3.801920288848736895e-02
9.134699999999999764e-02 -5.490920288848744057e-02
9.136890000000000289e-02 -6.698920288848753124e-02
9.139079999999999426e-02 -6.705920288848754574e-02
9.141269999999999951e-02 -5.131920288848745848e-02
9.143460000000000476e-02 -3.410920288848751092e-02
9.145649999999999613e-02 -5.074920288848749905e-02
9.147840000000000138e-02 -7.542920288848753430e-02
9.150030000000000663e-02 -8.023920288848751525e-02
9.152219999999999800e-02 -9.951920288848747909e-02
9.154410000000000325e-02 -1.461392028884875849e-01
9.156599999999999462e-02 -1.846192028884874325e-01
9.158779999999999699e-02 -1.896592028884873660e-01
9.160970000000000224e-02 -1.729792028884875599e-01
9.163159999999999361e-02 -1.534892028884875526e-01
9.165349999999999886e-02 -1.286992028884874628e-01
9.167540000000000411e-02 -1.108492028884875413e-01
9.169729999999999548e-02 -1.126092028884875251e-01
9.171920000000000073e-02 -1.270192028884875590e-01
9.174110000000000598e-02 -1.264292028884874686e-01
9.176299999999999735e-02 -1.103992028884874799e-01
9.178490000000000260e-02 -1.135392028884874005e-01
9.180679999999999397e-02 -1.243592028884874523e-01
9.182869999999999922e-02 -1.052992028884873754e-01
9.185060000000000446e-02 -6.839920288848744256e-02
9.187249999999999583e-02 -5.586920288848751248e-02
9.189440000000000108e-02 -7.704920288848748910e-02
9.191630000000000633e-02 -1.060492028884874038e-01
9.193819999999999770e-02 -1.183792028884875780e-01
9.196010000000000295e-02 -1.222192028884874215e-01
9.198199999999999432e-02 -1.335792028884874583e-01
9.200389999999999957e-02 -1.422692028884875448e-01
9.202570000000000194e-02 -1.330192028884875644e-01
9.204759999999999331e-02 -1.169292028884874046e-01
9.206949999999999856e-02 -1.183992028884874870e-01
9.209140000000000381e-02 -1.360392028884875870e-01
9.211329999999999518e-02 -1.317592028884875255e-01
9.213520000000000043e-02 -9.277920288848751085e-02
9.215710000000000568e-02 -6.186920288848751781e-02
9.217899999999999705e-02 -6.573920288848755789e-02
9.220090000000000230e-02 -8.313920288848741791e-02
9.222279999999999367e-02 -9.158920288848748648e-02
9.224469999999999892e-02 -9.897920288848749415e-02
9.226660000000000417e-02 -1.219092028884873891e-01
9.228849999999999554e-02 -1.487292028884874551e-01
9.231040000000000079e-02 -1.630092028884875255e-01
9.233230000000000603e-02 -1.706092028884875766e-01
9.235419999999999741e-02 -1.737092028884874573e-01
9.237610000000000265e-02 -1.598192028884874993e-01
9.239799999999999403e-02 -1.322792028884873794e-01
9.241989999999999927e-02 -1.187692028884874684e-01
9.244180000000000452e-02 -1.199592028884874928e-01
9.246360000000000690e-02 -1.159192028884874492e-01
9.248549999999999827e-02 -1.132692028884874080e-01
9.250740000000000351e-02 -1.280692028884875544e-01
9.252929999999999489e-02 -1.601392028884873753e-01
9.255120000000000013e-02 -1.729392028884875199e-01
9.257310000000000538e-02 -1.397392028884874016e-01
9.259499999999999675e-02 -9.563920288848737350e-02
9.261690000000000200e-02 -7.410920288848754645e-02
9.263879999999999337e-02 -7.520920288848742530e-02
9.266069999999999862e-02 -9.034920288848757863e-02
9.268260000000000387e-02 -1.156892028884874968e-01
9.270449999999999524e-02 -1.314992028884873765e-01
9.272640000000000049e-02 -1.135392028884874005e-01
9.274830000000000574e-02 -8.170920288848737556e-02
9.277019999999999711e-02 -6.631920288848758283e-02
9.279210000000000236e-02 -5.593920288848752698e-02
9.281399999999999373e-02 -2.658920288848753977e-02
9.283589999999999898e-02 8.340797111512365802e-03
9.285780000000000423e-02 2.039079711151270402e-02
9.287969999999999560e-02 1.755079711151230626e-02
9.290160000000000085e-02 3.985079711151273685e-02
9.292350000000000609e-02 8.494079711151236722e-02
9.294539999999999746e-02 1.041307971115124076e-01
9.296719999999999984e-02 9.592079711151235699e-02
9.298910000000000509e-02 1.018707971115127009e-01
9.301099999999999646e-02 1.160507971115123382e-01
9.303290000000000171e-02 1.119607971115126333e-01
9.305479999999999308e-02 1.168707971115123812e-01
9.307669999999999833e-02 1.433707971115123492e-01
9.309860000000000357e-02 1.538907971115124340e-01
9.312049999999999494e-02 1.431007971115123567e-01
9.314240000000000019e-02 1.416307971115124964e-01
9.316430000000000544e-02 1.564107971115125117e-01
9.318619999999999681e-02 1.598207971115126469e-01
9.320810000000000206e-02 1.383307971115126378e-01
9.322999999999999343e-02 1.214207971115124352e-01
9.325189999999999868e-02 1.307707971115124046e-01
9.327380000000000393e-02 1.507407971115126699e-01
9.329569999999999530e-02 1.615107971115126162e-01
9.331760000000000055e-02 1.665307971115126406e-01
9.333950000000000580e-02 1.777307971115127394e-01
9.336139999999999717e-02 1.849007971115126381e-01
9.338330000000000242e-02 1.767107971115127185e-01
9.340510000000000479e-02 1.654507971115126708e-01
9.342699999999999616e-02 1.616107971115123831e-01
9.344890000000000141e-02 1.533607971115125146e-01
9.347080000000000666e-02 1.419007971115124889e-01
9.349269999999999803e-02 1.437507971115126182e-01
9.351460000000000328e-02 1.495707971115125545e-01
9.353649999999999465e-02 1.479707971115127307e-01
9.355839999999999990e-02 1.481407971115125122e-01
9.358030000000000515e-02 1.519807971115123557e-01
9.360219999999999652e-02 1.516907971115126763e-01
9.362410000000000176e-02 1.428707971115126263e-01
9.364599999999999314e-02 1.215507971115123986e-01
9.366789999999999838e-02 1.013007971115125194e-01
9.368980000000000363e-02 9.811079711151249327e-02
9.371169999999999500e-02 9.800079711151266082e-02
9.373360000000000025e-02 8.286079711151250748e-02
9.375550000000000550e-02 6.360079711151245263e-02
9.377739999999999687e-02 6.173079711151263638e-02
9.379930000000000212e-02 7.274079711151237859e-02
9.382119999999999349e-02 8.011079711151269933e-02
9.384309999999999874e-02 8.387079711151246286e-02
9.386490000000000111e-02 8.151079711151254514e-02
9.388680000000000636e-02 7.619079711151233170e-02
9.390869999999999773e-02 7.892079711151245291e-02
9.393060000000000298e-02 9.492079711151246713e-02
9.395249999999999435e-02 1.158307971115126733e-01
9.397439999999999960e-02 1.275407971115125605e-01
9.399630000000000485e-02 1.263407971115126927e-01
9.401819999999999622e-02 1.065207971115125218e-01
9.404010000000000147e-02 6.503079711151249498e-02
9.406200000000000672e-02 2.464079711151256902e-02
9.408389999999999809e-02 3.860797111512326296e-03
9.410580000000000334e-02 -9.192028884874581252e-04
9.412769999999999471e-02 1.065079711151240005e-02
9.414959999999999996e-02 2.145079711151254287e-02
9.417150000000000520e-02 4.600797111512733295e-03
9.419339999999999657e-02 -2.831920288848754907e-02
9.421530000000000182e-02 -4.057920288848748669e-02
9.423719999999999319e-02 -3.630920288848749067e-02
9.425909999999999844e-02 -4.417920288848753430e-02
9.428100000000000369e-02 -6.228920288848738274e-02
9.430289999999999506e-02 -6.558920288848746338e-02
9.432480000000000031e-02 -5.715920288848752584e-02
9.434660000000000268e-02 -6.151920288848744534e-02
9.436849999999999405e-02 -6.294920288848748768e-02
9.439039999999999930e-02 -5.480920288848745159e-02
9.441230000000000455e-02 -4.345920288848748037e-02
9.443419999999999592e-02 -6.284920288848749870e-02
9.445610000000000117e-02 -5.553920288848757103e-02
9.447800000000000642e-02 -1.879920288848735410e-02
9.449989999999999779e-02 -1.386920288848747518e-02
9.452180000000000304e-02 -2.196920288848747127e-02
9.454369999999999441e-02 -3.459920288848739034e-02
9.456559999999999966e-02 -4.063920288848743567e-02
9.458750000000000491e-02 -4.437920288848751227e-02
9.460939999999999628e-02 -6.387920288848758510e-02
9.463130000000000153e-02 -7.218920288848740263e-02
9.465320000000000678e-02 -5.393920288848752520e-02
9.467509999999999815e-02 -6.168920288848744882e-02
9.469700000000000339e-02 -1.179892028884874655e-01
9.471889999999999477e-02 -1.700092028884874207e-01
9.474080000000000001e-02 -1.725592028884874729e-01
9.476270000000000526e-02 -1.395092028884874491e-01
9.478459999999999663e-02 -1.048292028884874050e-01
9.480639999999999901e-02 -7.800920288848756101e-02
9.482830000000000426e-02 -7.300920288848744555e-02
9.485019999999999563e-02 -8.921920288848750324e-02
9.487210000000000087e-02 -1.037792028884874096e-01
9.489400000000000612e-02 -1.038292028884875151e-01
9.491589999999999749e-02 -9.366920288848756826e-02
9.493780000000000274e-02 -1.001792028884875840e-01
9.495969999999999411e-02 -1.174992028884875861e-01
9.498159999999999936e-02 -1.103392028884875309e-01
9.500350000000000461e-02 -9.746920288848737179e-02
9.502539999999999598e-02 -1.147492028884875559e-01
9.504730000000000123e-02 -1.547392028884875259e-01
9.506920000000000648e-02 -1.893992028884874390e-01
9.509109999999999785e-02 -1.843692028884875711e-01
9.511300000000000310e-02 -1.499092028884874139e-01
9.513489999999999447e-02 -1.229392028884874755e-01
9.515679999999999972e-02 -9.765920288848750630e-02
9.517870000000000497e-02 -7.452920288848741137e-02
9.520059999999999634e-02 -7.978920288848745379e-02
9.522250000000000159e-02 -1.137992028884875495e-01
9.524430000000000396e-02 -1.603692028884875498e-01
9.526619999999999533e-02 -1.970492028884873736e-01
9.528810000000000058e-02 -1.997592028884875859e-01
9.531000000000000583e-02 -1.805592028884874800e-01
9.533189999999999720e-02 -1.704492028884874166e-01
9.535380000000000245e-02 -1.758392028884874225e-01
9.537569999999999382e-02 -1.857192028884875334e-01
9.539759999999999907e-02 -1.819292028884875734e-01
9.541950000000000431e-02 -1.686292028884874838e-01
9.544139999999999568e-02 -1.671292028884874270e-01
9.546330000000000093e-02 -1.736692028884874173e-01
9.548520000000000618e-02 -1.755692028884874301e-01
9.550709999999999755e-02 -1.630192028884873690e-01
9.552900000000000280e-02 -1.307492028884875701e-01
9.555089999999999417e-02 -9.991920288848743503e-02
9.557279999999999942e-02 -9.136920288848737748e-02
9.559470000000000467e-02 -9.045920288848741109e-02
9.561659999999999604e-02 -7.857920288848752044e-02
9.563850000000000129e-02 -6.571920288848742686e-02
9.566040000000000654e-02 -7.392920288848747745e-02
9.568229999999999791e-02 -1.065792028884875453e-01
9.570420000000000316e-02 -1.265292028884874576e-01
9.572600000000000553e-02 -1.088992028884874230e-01
9.574789999999999690e-02 -8.813920288848753337e-02
9.576980000000000215e-02 -9.545920288848752655e-02
9.579169999999999352e-02 -1.180092028884873745e-01
9.581359999999999877e-02 -1.272292028884873805e-01
9.583550000000000402e-02 -1.308592028884874026e-01
9.585739999999999539e-02 -1.469392028884874968e-01
9.587930000000000064e-02 -1.475992028884873797e-01
9.590120000000000589e-02 -1.119092028884873802e-01
9.592309999999999726e-02 -7.529920288848757082e-02
9.594500000000000250e-02 -6.546920288848756542e-02
9.596689999999999388e-02 -4.683920288848741897e-02
9.598879999999999912e-02 4.130797111512318764e-03
9.601070000000000437e-02 4.159079711151258962e-02
9.603259999999999574e-02 3.847079711151257797e-02
9.605450000000000099e-02 5.276079711151249185e-02
9.607640000000000624e-02 1.170907971115124901e-01
9.609829999999999761e-02 1.680307971115126975e-01
9.612020000000000286e-02 1.632507971115124690e-01
9.614209999999999423e-02 1.550407971115124184e-01
9.616399999999999948e-02 1.828807971115127273e-01
9.618580000000000185e-02 2.128307971115126485e-01
9.620769999999999322e-02 2.316507971115124853e-01
9.622959999999999847e-02 2.532907971115125889e-01
9.625150000000000372e-02 2.657307971115123735e-01
9.627339999999999509e-02 2.624107971115123839e-01
9.629530000000000034e-02 2.579907971115127374e-01
9.631720000000000559e-02 2.585307971115127224e-01
9.633909999999999696e-02 2.466207971115124131e-01
9.636100000000000221e-02 2.110307971115124026e-01
9.638289999999999358e-02 1.815807971115126485e-01
9.640479999999999883e-02 1.890607971115123576e-01
9.642670000000000408e-02 2.115107971115124386e-01
9.644859999999999545e-02 2.076207971115127116e-01
9.647050000000000070e-02 1.810707971115124160e-01
9.649240000000000594e-02 1.612507971115126892e-01
9.651429999999999731e-02 1.499307971115126925e-01
9.653620000000000256e-02 1.366607971115123554e-01
9.655809999999999393e-02 1.278307971115126840e-01
9.657999999999999918e-02 1.303607971115123831e-01
9.660190000000000443e-02 1.271407971115126045e-01
9.662370000000000680e-02 1.101307971115126350e-01
9.664559999999999818e-02 1.040707971115124586e-01
9.666750000000000342e-02 1.136607971115126681e-01
9.668939999999999479e-02 1.172007971115123226e-01
9.671130000000000004e-02 1.127907971115127417e-01
9.673320000000000529e-02 1.141607971115123910e-01
9.675509999999999666e-02 1.188107971115126560e-01
9.677700000000000191e-02 1.120807971115125312e-01
9.679889999999999328e-02 9.024079711151244965e-02
9.682079999999999853e-02 7.707079711151232360e-02
9.684270000000000378e-02 8.879079711151272036e-02
9.686459999999999515e-02 1.040707971115124586e-01
9.688650000000000040e-02 1.054307971115124865e-01
9.690840000000000565e-02 1.100807971115123074e-01
9.693029999999999702e-02 1.378307971115124708e-01
9.695220000000000227e-02 1.738707971115123208e-01
9.697409999999999364e-02 1.925207971115123762e-01
9.699599999999999889e-02 1.896207971115124735e-01
9.701790000000000413e-02 1.584307971115124225e-01
9.703979999999999551e-02 1.060007971115126679e-01
9.706170000000000075e-02 6.047079711151237547e-02
9.708360000000000600e-02 3.907079711151251189e-02
9.710539999999999450e-02 2.695079711151260327e-02
9.712729999999999975e-02 8.150797111512453341e-03
9.714920000000000500e-02 -1.089202888487683651e-03
9.717109999999999637e-02 3.930797111512340791e-03
9.719300000000000161e-02 -3.279202888487375844e-03
9.721490000000000686e-02 -2.633920288848745628e-02
9.723679999999999823e-02 -4.304920288848745891e-02
9.725870000000000348e-02 -3.940920288848737130e-02
9.728059999999999485e-02 -2.051920288848751994e-02
9.730250000000000010e-02 -1.324920288848741023e-02
9.732440000000000535e-02 -2.861920288848751603e-02
9.734629999999999672e-02 -5.053920288848745557e-02
9.736820000000000197e-02 -5.669920288848739887e-02
9.739009999999999334e-02 -5.326920288848757679e-02
9.741199999999999859e-02 -5.935920288848750559e-02
9.743390000000000384e-02 -7.774920288848741201e-02
9.745579999999999521e-02 -9.059920288848744008e-02
9.747770000000000046e-02 -8.832920288848744583e-02
9.749960000000000571e-02 -9.090920288848747255e-02
9.752149999999999708e-02 -9.854920288848756371e-02
9.754340000000000233e-02 -1.079292028884875076e-01
9.756520000000000470e-02 -1.067092028884875088e-01
9.758709999999999607e-02 -1.119792028884873947e-01
9.760900000000000132e-02 -8.521920288848749969e-02
9.763090000000000657e-02 -5.530920288848739652e-02
9.765279999999999794e-02 -6.241920288848756826e-02
9.767470000000000319e-02 -6.580920288848757238e-02
9.769659999999999456e-02 -6.439920288848743901e-02
9.771849999999999981e-02 -4.580920288848755462e-02
9.774040000000000505e-02 -1.792920288848742771e-02
9.776229999999999642e-02 -2.049920288848738892e-02
9.778420000000000167e-02 -3.214920288848754915e-02
9.780610000000000692e-02 -2.346920288848752811e-02
9.782799999999999829e-02 -2.511920288848745741e-02
9.784990000000000354e-02 -5.603920288848751596e-02
9.787179999999999491e-02 -9.053920288848749109e-02
9.789370000000000016e-02 -1.030692028884874212e-01
9.791560000000000541e-02 -9.469920288848743262e-02
9.793749999999999678e-02 -7.039920288848744434e-02
9.795940000000000203e-02 -2.725920288848748818e-02
9.798129999999999340e-02 1.074079711151254557e-02
9.800309999999999577e-02 1.875079711151261819e-02
9.802500000000000102e-02 -1.279202888487596113e-03
9.804690000000000627e-02 -1.584920288848756798e-02
9.806879999999999764e-02 -1.889920288848756513e-02
9.809070000000000289e-02 -4.403920288848750531e-02
9.811259999999999426e-02 -7.396920288848751746e-02
9.813449999999999951e-02 -7.926920288848737783e-02
9.815640000000000476e-02 -8.659920288848743652e-02
9.817829999999999613e-02 -1.141192028884874254e-01
9.820020000000000138e-02 -1.390492028884875442e-01
9.822210000000000663e-02 -1.553592028884873688e-01
9.824399999999999800e-02 -1.517292028884875688e-01
9.826590000000000324e-02 -1.286092028884875393e-01
9.828779999999999462e-02 -1.116392028884873877e-01
9.830969999999999986e-02 -1.019592028884874768e-01
9.833160000000000511e-02 -9.412920288848747319e-02
9.835349999999999648e-02 -1.005792028884875400e-01
9.837540000000000173e-02 -1.327992028884874554e-01
9.839729999999999310e-02 -1.777392028884874353e-01
9.841919999999999835e-02 -1.918192028884875278e-01
9.844110000000000360e-02 -1.578992028884875776e-01
9.846299999999999497e-02 -1.230592028884873734e-01
9.848490000000000022e-02 -1.197192028884874748e-01
9.850670000000000259e-02 -1.259692028884875636e-01
9.852859999999999396e-02 -1.167892028884873756e-01
9.855049999999999921e-02 -9.943920288848739908e-02
9.857240000000000446e-02 -1.025192028884873707e-01
9.859429999999999583e-02 -1.247592028884874082e-01
9.861620000000000108e-02 -1.359292028884875325e-01
9.863810000000000633e-02 -1.339092028884873997e-01
9.865999999999999770e-02 -1.375592028884875528e-01
9.868190000000000295e-02 -1.436692028884873906e-01
9.870379999999999432e-02 -1.400192028884874595e-01
9.872569999999999957e-02 -1.316592028884875365e-01
9.874760000000000482e-02 -1.205692028884874922e-01
9.876949999999999619e-02 -9.799920288848751326e-02
9.879140000000000144e-02 -6.093920288848742040e-02
9.881330000000000668e-02 -2.953920288848754794e-02
9.883519999999999806e-02 -3.572920288848746573e-02
9.885710000000000330e-02 -5.867920288848749166e-02
9.887899999999999467e-02 -5.032920288848741208e-02
9.890089999999999992e-02 -2.261920288848751071e-02
9.892280000000000517e-02 -1.190920288848751341e-02
9.894459999999999367e-02 -1.743920288848732625e-02
9.896649999999999892e-02 -1.560920288848732795e-02
9.898840000000000416e-02 -9.759202888487639171e-03
9.901029999999999553e-02 -1.225920288848758588e-02
9.903220000000000078e-02 -9.229202888487275658e-03
9.905410000000000603e-02 4.330797111512740827e-03
9.907599999999999740e-02 1.550079711151264306e-02
9.909790000000000265e-02 2.906079711151265954e-02
9.911979999999999402e-02 6.101079711151236040e-02
9.914169999999999927e-02 9.767079711151271937e-02
9.916360000000000452e-02 1.045607971115125601e-01
9.918549999999999589e-02 7.920079711151251090e-02
9.920740000000000114e-02 7.167079711151247423e-02
9.922930000000000639e-02 1.044407971115126621e-01
9.925119999999999776e-02 1.263207971115125616e-01
9.927310000000000301e-02 1.066207971115127329e-01
9.929499999999999438e-02 8.773079711151243743e-02
9.931689999999999963e-02 9.439079711151254770e-02
9.933880000000000488e-02 9.571079711151231351e-02
9.936069999999999625e-02 8.542079711151240318e-02
9.938260000000000149e-02 8.028079711151248077e-02
9.940440000000000387e-02 7.735079711151238158e-02
9.942629999999999524e-02 7.106079711151247480e-02
9.944820000000000049e-02 6.826079711151233909e-02
9.947010000000000574e-02 7.883079711151230740e-02
9.949199999999999711e-02 8.748079711151257598e-02
9.951390000000000235e-02 7.304079711151256760e-02
9.953579999999999373e-02 6.082079711151244794e-02
9.955769999999999897e-02 8.475079711151245476e-02
9.957960000000000422e-02 1.263807971115125106e-01
9.960149999999999559e-02 1.406007971115124100e-01
9.962340000000000084e-02 1.221107971115125146e-01
9.964530000000000609e-02 1.111107971115123938e-01
9.966719999999999746e-02 1.253307971115127373e-01
9.968910000000000271e-02 1.422007971115126779e-01
9.971099999999999408e-02 1.445307971115123991e-01
9.973289999999999933e-02 1.375407971115123473e-01
9.975480000000000458e-02 1.261007971115124526e-01
9.977669999999999595e-02 1.195207971115124224e-01
9.979860000000000120e-02 1.306807971115127032e-01
9.982050000000000645e-02 1.480107971115125487e-01
9.984239999999999782e-02 1.560207971115126213e-01
9.986430000000000307e-02 1.594607971115125089e-01
9.988610000000000544e-02 1.643007971115126864e-01
9.990799999999999681e-02 1.710807971115126946e-01
9.992990000000000206e-02 1.773907971115127324e-01
9.995179999999999343e-02 1.745007971115124512e-01
9.997369999999999868e-02 1.726407971115127005e-01
9.999560000000000393e-02 1.840307971115127117e-01
1.000179999999999958e-01 1.894807971115124445e-01
1.000390000000000029e-01 1.691507971115124853e-01
1.000609999999999972e-01 1.384507971115125358e-01
1.000830000000000053e-01 1.250307971115125483e-01
1.001049999999999995e-01 1.212507971115126537e-01
1.001269999999999938e-01 1.054107971115123554e-01
1.001490000000000019e-01 8.482079711151246926e-02
1.001709999999999962e-01 6.457079711151259005e-02
1.001930000000000043e-01 4.598079711151248361e-02
1.002149999999999985e-01 3.955079711151254784e-02
1.002360000000000056e-01 5.144079711151272605e-02
1.002579999999999999e-01 6.503079711151249498e-02
1.002799999999999941e-01 6.470079711151255353e-02
1.003020000000000023e-01 6.352079711151237262e-02
1.003239999999999965e-01 6.160079711151267290e-02
1.003460000000000046e-01 4.206079711151256006e-02
1.003679999999999989e-01 1.613079711151232942e-02
1.003899999999999931e-01 2.090797111512721074e-03
1.004120000000000013e-01 -4.839202888487381671e-03
1.004339999999999955e-01 -7.579202888487568401e-03
1.004550000000000026e-01 -6.529202888487350975e-03
1.004769999999999969e-01 -3.920288848746622534e-05
1.004990000000000050e-01 1.123079711151264704e-02
1.005209999999999992e-01 2.503079711151245945e-02
1.005429999999999935e-01 3.780079711151262956e-02
1.005650000000000016e-01 4.494079711151233170e-02
1.005869999999999959e-01 3.458079711151240687e-02
1.006090000000000040e-01 7.060797111512417956e-03
1.006309999999999982e-01 -2.167920288848756982e-02
1.006520000000000054e-01 -4.701920288848748797e-02
1.006739999999999996e-01 -5.991920288848739951e-02
1.006959999999999938e-01 -6.696920288848740022e-02
1.007180000000000020e-01 -6.672920288848738224e-02
1.007399999999999962e-01 -7.753920288848736853e-02
1.007620000000000043e-01 -4.466920288848741372e-02
1.007839999999999986e-01 6.270797111512571576e-03
1.008060000000000067e-01 5.220797111512354149e-03
1.008280000000000010e-01 -1.714920288848764685e-02
1.008499999999999952e-01 -3.274920288848748307e-02
1.008710000000000023e-01 -1.503920288848759057e-02
1.008929999999999966e-01 2.498079711151257598e-02
1.009150000000000047e-01 4.358079711151230384e-02
1.009369999999999989e-01 4.066079711151271425e-02
1.009589999999999932e-01 2.993079711151258593e-02
1.009810000000000013e-01 -1.319202888487414072e-03
1.010029999999999956e-01 -4.524920288848743866e-02
1.010250000000000037e-01 -7.631920288848736966e-02
1.010469999999999979e-01 -8.256920288848745848e-02
1.010680000000000051e-01 -7.027920288848754637e-02
1.010899999999999993e-01 -5.209920288848746139e-02
1.011119999999999935e-01 -3.948920288848745130e-02
1.011340000000000017e-01 -4.698920288848751348e-02
1.011559999999999959e-01 -7.115920288848753827e-02
1.011780000000000040e-01 -1.017592028884874988e-01
1.011999999999999983e-01 -1.222792028884873705e-01
1.012220000000000064e-01 -1.172092028884874626e-01
1.012440000000000007e-01 -1.061692028884875239e-01
1.012659999999999949e-01 -9.833920288848752023e-02
1.012870000000000020e-01 -7.623920288848751170e-02
1.013089999999999963e-01 -4.788920288848741436e-02
1.013310000000000044e-01 -4.583920288848752911e-02
1.013529999999999986e-01 -7.688920288848755114e-02
1.013750000000000068e-01 -1.095792028884874370e-01
1.013970000000000010e-01 -1.097492028884874404e-01
1.014189999999999953e-01 -9.428920288848741116e-02
1.014410000000000034e-01 -9.533920288848740654e-02
1.014629999999999976e-01 -9.790920288848736774e-02
1.014840000000000048e-01 -8.464920288848754026e-02
1.015059999999999990e-01 -7.563920288848757778e-02
1.015279999999999933e-01 -9.331920288848749578e-02
1.015500000000000014e-01 -1.263592028884874541e-01
1.015719999999999956e-01 -1.353592028884875731e-01
1.015940000000000037e-01 -1.072292028884875847e-01
1.016159999999999980e-01 -8.569920288848753565e-02
1.016380000000000061e-01 -9.852920288848743269e-02
1.016600000000000004e-01 -1.121692028884875292e-01
1.016819999999999946e-01 -9.989920288848752605e-02
1.017030000000000017e-01 -8.625920288848742956e-02
1.017249999999999960e-01 -1.009692028884874304e-01
1.017470000000000041e-01 -1.234192028884875114e-01
1.017689999999999984e-01 -1.159992028884875293e-01
1.017910000000000065e-01 -9.540920288848742103e-02
1.018130000000000007e-01 -9.452920288848742914e-02
1.018349999999999950e-01 -9.819920288848749124e-02
1.018570000000000031e-01 -8.603920288848754261e-02
1.018789999999999973e-01 -7.164920288848741770e-02
1.019010000000000055e-01 -6.535920288848751092e-02
1.019219999999999987e-01 -5.733920288848737279e-02
1.019440000000000068e-01 -3.981920288848739276e-02
1.019660000000000011e-01 -2.243920288848744171e-02
1.019879999999999953e-01 -2.012920288848762951e-02
1.020100000000000035e-01 -2.301920288848746665e-02
1.020319999999999977e-01 -1.308920288848769431e-02
1.020540000000000058e-01 6.540797111512564044e-03
1.020760000000000001e-01 1.884079711151231962e-02
1.020979999999999943e-01 1.081079711151256006e-02
1.021190000000000014e-01 -5.892028884875166739e-04
1.021409999999999957e-01 -8.992028884873271011e-04
1.021630000000000038e-01 4.470797111512325728e-03
1.021849999999999981e-01 1.533079711151241753e-02
1.022070000000000062e-01 2.563079711151239337e-02
1.022290000000000004e-01 2.752079711151234065e-02
1.022509999999999947e-01 2.930079711151245547e-02
1.022730000000000028e-01 3.770079711151241852e-02
1.022949999999999970e-01 4.821079711151243785e-02
1.023170000000000052e-01 5.346079711151263680e-02
1.023379999999999984e-01 3.958079711151274438e-02
1.023600000000000065e-01 2.245079711151243274e-02
1.023820000000000008e-01 3.603079711151258024e-02
1.024039999999999950e-01 5.986079711151237603e-02
1.024260000000000032e-01 5.155079711151255850e-02
1.024479999999999974e-01 3.084079711151233028e-02
1.024700000000000055e-01 3.110079711151270132e-02
1.024919999999999998e-01 3.444079711151237788e-02
1.025139999999999940e-01 3.650079711151255069e-02
1.025350000000000011e-01 5.246079711151230285e-02
1.025569999999999954e-01 6.642079711151271937e-02
1.025790000000000035e-01 6.302079711151264974e-02
1.026009999999999978e-01 5.368079711151230171e-02
1.026230000000000059e-01 5.532079711151238754e-02
1.026450000000000001e-01 6.228079711151268683e-02
1.026669999999999944e-01 4.778079711151272946e-02
1.026890000000000025e-01 2.098079711151257243e-02
1.027109999999999967e-01 2.524079711151250294e-02
1.027330000000000049e-01 5.878079711151240616e-02
1.027539999999999981e-01 7.803079711151239550e-02
1.027760000000000062e-01 7.161079711151252525e-02
1.027980000000000005e-01 6.682079711151267531e-02
1.028199999999999947e-01 7.487079711151256589e-02
1.028420000000000029e-01 8.266079711151252951e-02
1.028639999999999971e-01 8.264079711151239849e-02
1.028860000000000052e-01 8.423079711151260085e-02
1.029079999999999995e-01 9.187079711151246997e-02
1.029299999999999937e-01 1.009307971115123159e-01
1.029510000000000008e-01 1.108407971115124013e-01
1.029729999999999951e-01 1.237607971115126659e-01
1.029950000000000032e-01 1.455507971115124199e-01
1.030169999999999975e-01 1.717907971115124610e-01
1.030390000000000056e-01 1.930807971115124921e-01
1.030609999999999998e-01 2.073607971115123405e-01
1.030829999999999941e-01 2.050207971115125538e-01
1.031050000000000022e-01 1.716807971115126286e-01
1.031269999999999964e-01 1.333607971115124968e-01
1.031490000000000046e-01 1.307107971115124556e-01
1.031699999999999978e-01 1.458707971115127400e-01
1.031920000000000059e-01 1.332207971115124678e-01
1.032140000000000002e-01 9.967079711151249910e-02
1.032359999999999944e-01 8.410079711151263737e-02
1.032580000000000026e-01 8.107079711151232715e-02
1.032799999999999968e-01 6.761079711151252170e-02
1.033020000000000049e-01 6.025079711151271056e-02
1.033239999999999992e-01 5.912079711151241312e-02
1.033459999999999934e-01 4.456079711151250677e-02
1.033670000000000005e-01 3.077079711151231578e-02
1.033889999999999948e-01 4.383079711151260938e-02
1.034110000000000029e-01 6.445079711151269208e-02
1.034329999999999972e-01 6.404079711151267063e-02
1.034550000000000053e-01 6.122079711151240389e-02
1.034769999999999995e-01 6.892079711151266608e-02
1.034989999999999938e-01 6.570079711151244339e-02
1.035210000000000019e-01 5.185079711151230342e-02
1.035429999999999962e-01 4.107079711151273571e-02
1.035650000000000043e-01 3.385079711151250947e-02
1.035859999999999975e-01 4.119079711151263368e-02
1.036080000000000056e-01 5.908079711151259517e-02
1.036299999999999999e-01 5.320079711151270985e-02
1.036519999999999941e-01 1.991079711151266807e-02
1.036740000000000023e-01 -1.459202888487443062e-03
1.036959999999999965e-01 -4.919202888487461678e-03
1.037180000000000046e-01 -3.849202888487557317e-03
1.037399999999999989e-01 4.590797111512667783e-03
1.037619999999999931e-01 2.372079711151231507e-02
1.037830000000000003e-01 3.681079711151236111e-02
1.038049999999999945e-01 2.703079711151268327e-02
1.038270000000000026e-01 1.966079711151236253e-02
1.038489999999999969e-01 1.677079711151252539e-02
1.038710000000000050e-01 7.810797111512446378e-03
1.038929999999999992e-01 -2.009920288848743297e-02
1.039149999999999935e-01 9.330797111512634245e-03
1.039370000000000016e-01 5.821079711151266878e-02
1.039589999999999959e-01 4.445079711151267432e-02
1.039810000000000040e-01 2.135079711151233184e-02
1.040019999999999972e-01 1.737079711151245931e-02
1.040240000000000054e-01 3.251079711151261264e-02
1.040459999999999996e-01 4.414079711151241980e-02
1.040679999999999938e-01 2.160079711151263737e-02
1.040900000000000020e-01 7.207971115126277084e-04
1.041119999999999962e-01 8.280797111512416819e-03
1.041340000000000043e-01 5.230797111512419661e-03
1.041559999999999986e-01 -2.879920288848758503e-02
1.041780000000000067e-01 -6.472920288848738046e-02
1.042000000000000010e-01 -6.818920288848739908e-02
1.042209999999999942e-01 -5.630920288848750843e-02
1.042430000000000023e-01 -5.008920288848739411e-02
1.042649999999999966e-01 -4.143920288848756961e-02
1.042870000000000047e-01 -4.481920288848750822e-02
1.043089999999999989e-01 -6.651920288848756080e-02
1.043309999999999932e-01 -9.474920288848753813e-02
1.043530000000000013e-01 -1.071992028884873882e-01
1.043749999999999956e-01 -1.024992028884874617e-01
1.043970000000000037e-01 -1.070192028884875413e-01
1.044179999999999969e-01 -1.133592028884875536e-01
1.044400000000000051e-01 -9.193920288848755895e-02
1.044619999999999993e-01 -5.763920288848756179e-02
1.044839999999999935e-01 -4.866920288848741727e-02
1.045060000000000017e-01 -7.088920288848754581e-02
1.045279999999999959e-01 -1.055592028884875244e-01
1.045500000000000040e-01 -1.251292028884873897e-01
1.045719999999999983e-01 -1.278792028884874199e-01
1.045940000000000064e-01 -1.245192028884873903e-01
1.046160000000000007e-01 -1.089892028884875685e-01
1.046369999999999939e-01 -8.277920288848750197e-02
1.046590000000000020e-01 -6.151920288848744534e-02
1.046809999999999963e-01 -6.637920288848753181e-02
1.047030000000000044e-01 -1.049392028884874595e-01
1.047249999999999986e-01 -1.309492028884875481e-01
1.047470000000000068e-01 -1.120992028884875147e-01
1.047690000000000010e-01 -9.397920288848737869e-02
1.047909999999999953e-01 -1.053392028884874154e-01
1.048130000000000034e-01 -1.157492028884874458e-01
1.048339999999999966e-01 -1.101592028884874619e-01
1.048560000000000048e-01 -1.087092028884875106e-01
1.048779999999999990e-01 -1.213992028884873786e-01
1.048999999999999932e-01 -1.290992028884874188e-01
1.049220000000000014e-01 -1.202892028884874343e-01
1.049439999999999956e-01 -1.146092028884875269e-01
1.049660000000000037e-01 -1.201892028884874453e-01
1.049879999999999980e-01 -1.220892028884874581e-01
1.050100000000000061e-01 -1.153192028884875153e-01
1.050320000000000004e-01 -1.063692028884875018e-01
1.050529999999999936e-01 -9.461920288848757465e-02
1.050750000000000017e-01 -6.843920288848748257e-02
1.050969999999999960e-01 -3.292920288848755206e-02
1.051190000000000041e-01 -2.335920288848747361e-02
1.051409999999999983e-01 -5.053920288848745557e-02
1.051630000000000065e-01 -6.876920288848742402e-02
1.051850000000000007e-01 -5.059920288848740455e-02
1.052069999999999950e-01 -2.677920288848745223e-02
1.052290000000000031e-01 -2.259920288848737968e-02
1.052499999999999963e-01 -3.151920288848741869e-02
1.052720000000000045e-01 -3.730920288848738053e-02
1.052939999999999987e-01 -4.008920288848738522e-02
1.053160000000000068e-01 -3.936920288848755334e-02
1.053380000000000011e-01 -1.907920288848741208e-02
1.053599999999999953e-01 1.598079711151267901e-02
1.053820000000000034e-01 3.881079711151258493e-02
1.054039999999999977e-01 4.265079711151242847e-02
1.054260000000000058e-01 4.748079711151254045e-02
1.054480000000000001e-01 6.145079711151257840e-02
1.054689999999999933e-01 6.489079711151246599e-02
1.054910000000000014e-01 4.422079711151249981e-02
1.055129999999999957e-01 3.495079711151261037e-02
1.055350000000000038e-01 6.255079711151267929e-02
1.055569999999999981e-01 8.537079711151251971e-02
1.055790000000000062e-01 7.069079711151271539e-02
1.056010000000000004e-01 5.237079711151260142e-02
1.056229999999999947e-01 6.126079711151266594e-02
1.056450000000000028e-01 7.841079711151266451e-02
1.056659999999999960e-01 9.247079711151240389e-02
1.056880000000000042e-01 1.027107971115124307e-01
1.057099999999999984e-01 9.854079711151264576e-02
1.057320000000000065e-01 8.730079711151272903e-02
1.057540000000000008e-01 8.750079711151270700e-02
1.057759999999999950e-01 1.015407971115123154e-01
1.057980000000000032e-01 1.095607971115124535e-01
1.058199999999999974e-01 1.006107971115124400e-01
1.058420000000000055e-01 9.728079711151238484e-02
1.058639999999999998e-01 1.131207971115126831e-01
1.058850000000000069e-01 1.277607971115126695e-01
1.059070000000000011e-01 1.238307971115126804e-01
1.059289999999999954e-01 1.151707971115123463e-01
1.059510000000000035e-01 1.189107971115124229e-01
1.059729999999999978e-01 1.240807971115125419e-01
1.059950000000000059e-01 1.177607971115124386e-01
1.060170000000000001e-01 1.052007971115123119e-01
1.060389999999999944e-01 9.501079711151261264e-02
1.060610000000000025e-01 8.794079711151248091e-02
1.060819999999999957e-01 8.840079711151238584e-02
1.061040000000000039e-01 9.730079711151251587e-02
1.061259999999999981e-01 1.014407971115125484e-01
1.061480000000000062e-01 1.067807971115124488e-01
1.061700000000000005e-01 1.293907971115126898e-01
1.061919999999999947e-01 1.574307971115125326e-01
1.062140000000000029e-01 1.705907971115125932e-01
1.062359999999999971e-01 1.681007971115127120e-01
1.062580000000000052e-01 1.581707971115124955e-01
1.062799999999999995e-01 1.540007971115127106e-01
1.063010000000000066e-01 1.619407971115123246e-01
1.063230000000000008e-01 1.669407971115126621e-01
1.063449999999999951e-01 1.510207971115127279e-01
1.063670000000000032e-01 1.224207971115123250e-01
1.063889999999999975e-01 1.055907971115126465e-01
1.064110000000000056e-01 9.781079711151230427e-02
1.064329999999999998e-01 8.371079711151230285e-02
1.064549999999999941e-01 7.195079711151253221e-02
1.064770000000000022e-01 6.019079711151231749e-02
1.064989999999999964e-01 3.737079711151247707e-02
1.065200000000000036e-01 1.628079711151242392e-02
1.065419999999999978e-01 1.710079711151246684e-02
1.065640000000000059e-01 2.285079711151238868e-02
1.065860000000000002e-01 1.630079711151255495e-02
1.066079999999999944e-01 1.927079711151247210e-02
1.066300000000000026e-01 3.048079711151263638e-02
1.066519999999999968e-01 1.930079711151266864e-02
1.066740000000000049e-01 -6.099202888487642582e-03
1.066959999999999992e-01 -1.567920288848734245e-02
1.067170000000000063e-01 -1.004920288848731857e-02
1.067390000000000005e-01 2.079711151248275769e-05
1.067609999999999948e-01 1.093079711151245803e-02
1.067830000000000029e-01 1.381079711151267375e-02
1.068049999999999972e-01 -1.569202888487275516e-03
1.068270000000000053e-01 -1.152920288848768848e-02
1.068489999999999995e-01 5.907971115126642303e-04
1.068709999999999938e-01 1.154079711151245746e-02
1.068930000000000019e-01 9.807971115125546646e-04
1.069149999999999961e-01 -8.329202888487596823e-03
1.069360000000000033e-01 -2.549202888487478447e-03
1.069579999999999975e-01 -2.439202888487645993e-03
1.069800000000000056e-01 -6.589202888487299958e-03
1.070019999999999999e-01 -1.847920288848747816e-02
1.070239999999999941e-01 -3.172920288848746218e-02
1.070460000000000023e-01 -5.535920288848750204e-02
1.070679999999999965e-01 -3.554920288848739673e-02
1.070900000000000046e-01 -9.629202888487675693e-03
1.071119999999999989e-01 -3.462920288848758688e-02
1.071330000000000060e-01 -5.997920288848757053e-02
1.071550000000000002e-01 -7.574920288848741023e-02
1.071769999999999945e-01 -7.762920288848751404e-02
1.071990000000000026e-01 -6.619920288848746281e-02
1.072209999999999969e-01 -7.082920288848737478e-02
1.072430000000000050e-01 -7.377920288848738295e-02
1.072649999999999992e-01 -4.965920288848746367e-02
1.072869999999999935e-01 -3.975920288848744377e-02
1.073090000000000016e-01 -7.011920288848738636e-02
1.073309999999999959e-01 -9.530920288848743205e-02
1.073520000000000030e-01 -7.437920288848753891e-02
1.073739999999999972e-01 -3.885920288848754289e-02
1.073960000000000053e-01 -2.363920288848753160e-02
1.074179999999999996e-01 -1.781920288848759526e-02
1.074399999999999938e-01 -2.651920288848752527e-02
1.074620000000000020e-01 -5.724920288848744931e-02
1.074839999999999962e-01 -1.010292028884873794e-01
1.075060000000000043e-01 -1.307292028884874391e-01
1.075279999999999986e-01 -1.280192028884874489e-01
1.075490000000000057e-01 -1.176292028884875496e-01
1.075710000000000000e-01 -1.030292028884873812e-01
1.075929999999999942e-01 -6.826920288848747909e-02
1.076150000000000023e-01 -4.679920288848737897e-02
1.076369999999999966e-01 -7.332920288848754353e-02
1.076590000000000047e-01 -1.224892028884874140e-01
1.076809999999999989e-01 -1.574992028884873996e-01
1.077029999999999932e-01 -1.551092028884875074e-01
1.077250000000000013e-01 -1.373792028884874838e-01
1.077469999999999956e-01 -1.377292028884875563e-01
1.077680000000000027e-01 -1.407392028884875135e-01
1.077899999999999969e-01 -1.259292028884875236e-01
1.078120000000000051e-01 -1.065892028884873888e-01
1.078339999999999993e-01 -1.059992028884875204e-01
1.078559999999999935e-01 -1.280192028884874489e-01
1.078780000000000017e-01 -1.424692028884875228e-01
1.078999999999999959e-01 -1.268192028884875810e-01
1.079220000000000040e-01 -1.048492028884875360e-01
1.079439999999999983e-01 -9.886920288848743965e-02
1.079650000000000054e-01 -1.019692028884875423e-01
1.079869999999999997e-01 -1.067392028884874833e-01
1.080089999999999939e-01 -1.175492028884874696e-01
1.080310000000000020e-01 -1.399592028884875106e-01
1.080529999999999963e-01 -1.552392028884874708e-01
1.080750000000000044e-01 -1.417192028884874944e-01
1.080969999999999986e-01 -1.226592028884874175e-01
1.081190000000000068e-01 -1.260692028884875526e-01
1.081410000000000010e-01 -1.357192028884874890e-01
1.081629999999999953e-01 -1.338992028884875563e-01
1.081840000000000024e-01 -1.345992028884874792e-01
1.082059999999999966e-01 -1.384292028884874792e-01
1.082280000000000048e-01 -1.225092028884875450e-01
1.082499999999999990e-01 -8.994920288848740064e-02
1.082719999999999932e-01 -7.178920288848744669e-02
1.082940000000000014e-01 -8.286920288848742544e-02
1.083159999999999956e-01 -1.008492028884875324e-01
1.083380000000000037e-01 -1.026092028884875162e-01
1.083599999999999980e-01 -9.303920288848743780e-02
1.083820000000000061e-01 -8.416920288848750431e-02
1.084029999999999994e-01 -8.416920288848750431e-02
1.084249999999999936e-01 -8.895920288848757629e-02
1.084470000000000017e-01 -9.323920288848741578e-02
1.084689999999999960e-01 -9.403920288848754971e-02
1.084910000000000041e-01 -8.207920288848757906e-02
1.085129999999999983e-01 -5.575920288848745798e-02
1.085350000000000065e-01 -2.915920288848750097e-02
1.085570000000000007e-01 -1.126920288848731744e-02
1.085789999999999950e-01 1.288079711151235429e-02
1.086000000000000021e-01 4.608079711151269464e-02
1.086219999999999963e-01 6.140079711151269493e-02
1.086440000000000045e-01 5.096079711151269009e-02
1.086659999999999987e-01 5.393079711151260724e-02
1.086880000000000068e-01 8.983079711151242819e-02
1.087100000000000011e-01 1.175607971115124606e-01
1.087319999999999953e-01 1.105607971115123433e-01
1.087540000000000034e-01 1.040407971115127062e-01
1.087759999999999977e-01 1.185607971115123505e-01
1.087980000000000058e-01 1.281907971115123779e-01
1.088189999999999991e-01 1.312707971115125716e-01
1.088409999999999933e-01 1.360307971115126691e-01
1.088630000000000014e-01 1.292707971115123478e-01
1.088849999999999957e-01 1.127807971115126762e-01
1.089070000000000038e-01 1.025107971115124528e-01
1.089289999999999980e-01 1.013007971115125194e-01
1.089510000000000062e-01 9.403079711151240971e-02
1.089730000000000004e-01 7.329079711151242904e-02
1.089949999999999947e-01 5.965079711151233255e-02
1.090160000000000018e-01 7.403079711151239195e-02
1.090379999999999960e-01 1.105907971115125399e-01
1.090600000000000042e-01 1.423907971115125903e-01
1.090819999999999984e-01 1.527607971115125807e-01
1.091040000000000065e-01 1.560607971115124393e-01
1.091260000000000008e-01 1.632707971115126000e-01
1.091479999999999950e-01 1.624507971115125571e-01
1.091700000000000031e-01 1.478207971115126362e-01
1.091919999999999974e-01 1.352307971115123131e-01
1.092140000000000055e-01 1.306407971115124411e-01
1.092349999999999988e-01 1.269607971115123135e-01
1.092570000000000069e-01 1.284007971115124214e-01
1.092790000000000011e-01 1.321807971115123159e-01
1.093009999999999954e-01 1.309507971115126956e-01
1.093230000000000035e-01 1.276207971115126405e-01
1.093449999999999978e-01 1.274407971115123495e-01
1.093670000000000059e-01 1.346307971115123792e-01
1.093890000000000001e-01 1.433507971115126622e-01
1.094109999999999944e-01 1.373407971115123694e-01
1.094320000000000015e-01 1.265607971115123576e-01
1.094539999999999957e-01 1.303207971115125652e-01
1.094760000000000039e-01 1.338007971115127148e-01
1.094979999999999981e-01 1.141907971115125875e-01
1.095200000000000062e-01 8.487079711151235273e-02
1.095420000000000005e-01 7.347079711151272008e-02
1.095639999999999947e-01 6.866079711151273912e-02
1.095860000000000029e-01 5.418079711151246869e-02
1.096079999999999971e-01 5.379079711151257825e-02
1.096300000000000052e-01 6.421079711151245206e-02
1.096509999999999985e-01 5.783079711151239977e-02
1.096730000000000066e-01 4.640079711151257058e-02
1.096950000000000008e-01 5.872079711151245718e-02
1.097169999999999951e-01 7.469079711151271894e-02
1.097390000000000032e-01 6.560079711151267645e-02
1.097609999999999975e-01 5.336079711151242577e-02
1.097830000000000056e-01 5.073079711151251558e-02
1.098049999999999998e-01 3.557079711151267531e-02
1.098269999999999941e-01 1.765079711151251729e-02
1.098480000000000012e-01 2.135079711151233184e-02
1.098699999999999954e-01 3.022079711151270942e-02
1.098920000000000036e-01 2.423079711151254756e-02
1.099139999999999978e-01 7.790797111512315354e-03
1.099360000000000059e-01 -1.058920288848730351e-02
1.099580000000000002e-01 -3.017920288848752186e-02
1.099799999999999944e-01 -3.898920288848750637e-02
1.100020000000000026e-01 -3.392920288848744192e-02
1.100239999999999968e-01 -3.010920288848750737e-02
1.100460000000000049e-01 -5.196920288848749792e-02
1.100669999999999982e-01 -7.807920288848757551e-02
1.100890000000000063e-01 -7.659920288848742764e-02
1.101110000000000005e-01 -6.924920288848745997e-02
1.101329999999999948e-01 -6.519920288848757295e-02
1.101550000000000029e-01 -6.741920288848746168e-02
1.101769999999999972e-01 -6.869920288848740952e-02
1.101990000000000053e-01 -8.772920288848751191e-02
1.102209999999999995e-01 -7.315920288848754005e-02
1.102429999999999938e-01 -4.844920288848753032e-02
1.102640000000000009e-01 -6.630920288848751731e-02
1.102859999999999951e-01 -8.646920288848747305e-02
1.103080000000000033e-01 -1.023692028884874983e-01
1.103299999999999975e-01 -1.091692028884874155e-01
1.103520000000000056e-01 -1.066592028884874033e-01
1.103739999999999999e-01 -1.131092028884874701e-01
1.103959999999999941e-01 -1.165792028884875542e-01
1.104180000000000023e-01 -1.078892028884874676e-01
1.104399999999999965e-01 -1.085392028884875071e-01
1.104620000000000046e-01 -1.306992028884874646e-01
1.104829999999999979e-01 -1.553392028884874598e-01
1.105050000000000060e-01 -1.513492028884875218e-01
1.105270000000000002e-01 -1.343392028884875522e-01
1.105489999999999945e-01 -1.247692028884874738e-01
1.105710000000000026e-01 -1.032792028884874647e-01
1.105929999999999969e-01 -8.505920288848756172e-02
1.106150000000000050e-01 -8.925920288848754325e-02
1.106369999999999992e-01 -1.065792028884875453e-01
1.106589999999999935e-01 -1.182692028884875235e-01
1.106810000000000016e-01 -1.170292028884873936e-01
1.107019999999999949e-01 -1.222192028884874215e-01
1.107240000000000030e-01 -1.271892028884875625e-01
1.107459999999999972e-01 -1.037992028884875406e-01
1.107680000000000053e-01 -6.835920288848740256e-02
1.107899999999999996e-01 -7.254920288848754062e-02
1.108119999999999938e-01 -1.133892028884875280e-01
1.108340000000000020e-01 -1.501792028884874064e-01
1.108559999999999962e-01 -1.551692028884874563e-01
1.108780000000000043e-01 -1.403592028884874665e-01
1.108989999999999976e-01 -1.394592028884875656e-01
1.109210000000000057e-01 -1.484992028884875026e-01
1.109429999999999999e-01 -1.391592028884873766e-01
1.109649999999999942e-01 -1.182892028884874325e-01
1.109870000000000023e-01 -1.288392028884874918e-01
1.110089999999999966e-01 -1.705792028884873801e-01
1.110310000000000047e-01 -1.829192028884873977e-01
1.110529999999999989e-01 -1.486492028884873751e-01
1.110749999999999932e-01 -1.232592028884875734e-01
1.110970000000000013e-01 -1.312392028884874495e-01
1.111179999999999946e-01 -1.399392028884873795e-01
1.111400000000000027e-01 -1.334992028884873783e-01
1.111619999999999969e-01 -1.254492028884874877e-01
1.111840000000000050e-01 -1.287792028884875428e-01
1.112059999999999993e-01 -1.370092028884875024e-01
1.112279999999999935e-01 -1.369492028884875534e-01
1.112500000000000017e-01 -1.356192028884875000e-01
1.112719999999999959e-01 -1.417992028884875744e-01
1.112940000000000040e-01 -1.473292028884873872e-01
1.113149999999999973e-01 -1.427892028884873987e-01
1.113370000000000054e-01 -1.284592028884874448e-01
1.113589999999999997e-01 -1.104392028884875199e-01
1.113809999999999939e-01 -9.068920288848758560e-02
1.114030000000000020e-01 -7.122920288848755277e-02
1.114249999999999963e-01 -6.865920288848736952e-02
1.114470000000000044e-01 -1.008092028884874924e-01
1.114689999999999986e-01 -1.368792028884875389e-01
1.114910000000000068e-01 -1.341992028884875232e-01
1.115130000000000010e-01 -1.102892028884874254e-01
1.115339999999999943e-01 -1.017892028884874733e-01
1.115560000000000024e-01 -1.123592028884874416e-01
1.115779999999999966e-01 -1.196492028884874603e-01
1.116000000000000048e-01 -1.158592028884875003e-01
1.116219999999999990e-01 -1.040992028884875076e-01
1.116439999999999932e-01 -7.754920288848743404e-02
1.116660000000000014e-01 -4.414920288848755980e-02
1.116879999999999956e-01 -2.589920288848746033e-02
1.117100000000000037e-01 -1.854920288848749266e-02
1.117309999999999970e-01 2.820797111512618471e-03
1.117530000000000051e-01 3.240079711151233610e-02
1.117749999999999994e-01 4.640079711151257058e-02
1.117969999999999936e-01 4.916079711151244425e-02
1.118190000000000017e-01 6.957079711151248347e-02
1.118409999999999960e-01 1.097907971115126280e-01
1.118630000000000041e-01 1.415907971115126784e-01
1.118849999999999983e-01 1.563207971115123662e-01
1.119070000000000065e-01 1.762607971115124350e-01
1.119290000000000007e-01 2.071007971115124136e-01
1.119499999999999940e-01 2.261507971115124249e-01
1.119720000000000021e-01 2.357407971115126344e-01
1.119939999999999963e-01 2.484507971115124114e-01
1.120160000000000045e-01 2.549607971115124272e-01
1.120379999999999987e-01 2.522307971115123060e-01
1.120600000000000068e-01 2.486507971115123894e-01
1.120820000000000011e-01 2.445207971115124224e-01
1.121039999999999953e-01 2.252307971115126151e-01
1.121260000000000034e-01 1.869707971115124323e-01
1.121469999999999967e-01 1.590007971115126040e-01
1.121690000000000048e-01 1.609507971115125002e-01
1.121909999999999991e-01 1.713507971115126871e-01
1.122129999999999933e-01 1.630307971115123600e-01
1.122350000000000014e-01 1.430407971115124077e-01
1.122569999999999957e-01 1.372207971115124714e-01
1.122790000000000038e-01 1.452807971115124275e-01
1.123009999999999980e-01 1.485407971115124681e-01
1.123230000000000062e-01 1.406707971115124245e-01
1.123450000000000004e-01 1.284907971115125669e-01
1.123659999999999937e-01 1.141007971115124420e-01
1.123880000000000018e-01 1.017407971115127374e-01
1.124099999999999960e-01 9.778079711151255182e-02
1.124320000000000042e-01 9.081079711151263112e-02
1.124539999999999984e-01 7.873079711151254045e-02
1.124760000000000065e-01 8.006079711151237177e-02
1.124980000000000008e-01 9.431079711151246769e-02
1.125199999999999950e-01 9.971079711151231706e-02
1.125420000000000031e-01 9.050079711151237660e-02
1.125629999999999964e-01 7.565079711151234676e-02
1.125850000000000045e-01 7.200079711151241568e-02
1.126069999999999988e-01 9.389079711151238072e-02
1.126290000000000069e-01 1.249307971115123372e-01
1.126510000000000011e-01 1.279207971115123854e-01
1.126729999999999954e-01 1.017007971115124754e-01
1.126950000000000035e-01 8.233079711151258806e-02
1.127169999999999978e-01 8.158079711151255964e-02
1.127390000000000059e-01 8.694079711151259104e-02
1.127610000000000001e-01 9.691079711151262543e-02
1.127819999999999934e-01 9.876079711151231066e-02
1.128040000000000015e-01 8.706079711151248901e-02
1.128259999999999957e-01 8.160079711151269066e-02
1.128480000000000039e-01 9.914079711151257968e-02
1.128699999999999981e-01 1.251307971115123152e-01
1.128920000000000062e-01 1.337207971115126348e-01
1.129140000000000005e-01 1.287207971115127414e-01
1.129359999999999947e-01 1.140607971115126240e-01
1.129580000000000028e-01 8.857079711151261137e-02
1.129799999999999971e-01 7.446079711151254443e-02
1.130010000000000042e-01 7.557079711151271084e-02
1.130229999999999985e-01 7.341079711151232701e-02
1.130450000000000066e-01 7.469079711151271894e-02
1.130670000000000008e-01 8.145079711151259616e-02
1.130889999999999951e-01 6.987079711151267247e-02
1.131110000000000032e-01 4.243079711151231947e-02
1.131329999999999975e-01 3.727079711151271013e-02
1.131550000000000056e-01 5.236079711151253591e-02
1.131769999999999998e-01 5.590079711151263453e-02
1.131979999999999931e-01 3.976079711151259133e-02
1.132200000000000012e-01 2.171079711151246983e-02
1.132419999999999954e-01 6.560797111512695068e-03
1.132640000000000036e-01 -1.971920288848760805e-02
1.132859999999999978e-01 -4.368920288848743283e-02
1.133080000000000059e-01 -6.874920288848751504e-02
1.133300000000000002e-01 -1.003392028884875220e-01
1.133519999999999944e-01 -1.553092028884874853e-01
1.133740000000000026e-01 -1.708092028884875546e-01
1.133959999999999968e-01 -1.577192028884875086e-01
1.134170000000000039e-01 -1.722692028884875715e-01
1.134389999999999982e-01 -1.779292028884875698e-01
1.134610000000000063e-01 -1.593292028884873979e-01
1.134830000000000005e-01 -1.216692028884873711e-01
1.135049999999999948e-01 -9.081920288848754907e-02
1.135270000000000029e-01 -8.957920288848741919e-02
1.135489999999999972e-01 -8.587920288848738259e-02
1.135710000000000053e-01 -5.578920288848743247e-02
1.135929999999999995e-01 -3.604920288848756371e-02
1.136140000000000067e-01 -4.812920288848743233e-02
1.136360000000000009e-01 -6.378920288848743958e-02
1.136579999999999951e-01 -5.670920288848746438e-02
1.136800000000000033e-01 -3.993920288848751277e-02
1.137019999999999975e-01 -3.627920288848751618e-02
1.137240000000000056e-01 -4.511920288848747518e-02
1.137459999999999999e-01 -7.514920288848747632e-02
1.137679999999999941e-01 -1.143092028884875599e-01
1.137900000000000023e-01 -1.409892028884873749e-01
1.138119999999999965e-01 -1.450692028884874585e-01
1.138330000000000036e-01 -1.345592028884874392e-01
1.138549999999999979e-01 -1.286792028884875538e-01
1.138770000000000060e-01 -1.160192028884874382e-01
1.138990000000000002e-01 -8.325920288848753792e-02
1.139209999999999945e-01 -5.595920288848743596e-02
1.139430000000000026e-01 -7.049920288848743333e-02
1.139649999999999969e-01 -1.129392028884874666e-01
1.139870000000000050e-01 -1.403292028884874920e-01
1.140089999999999992e-01 -1.365892028884874154e-01
1.140300000000000064e-01 -1.290392028884874698e-01
1.140520000000000006e-01 -1.319592028884875035e-01
1.140739999999999948e-01 -1.253592028884875642e-01
1.140960000000000030e-01 -1.126392028884874996e-01
1.141179999999999972e-01 -1.196792028884874348e-01
1.141400000000000053e-01 -1.514792028884874853e-01
1.141619999999999996e-01 -1.910292028884874593e-01
1.141839999999999938e-01 -2.003992028884875598e-01
1.142060000000000020e-01 -1.589992028884874564e-01
1.142279999999999962e-01 -1.050292028884873829e-01
1.142490000000000033e-01 -8.405920288848744981e-02
1.142709999999999976e-01 -8.743920288848738842e-02
1.142930000000000057e-01 -9.163920288848736995e-02
1.143149999999999999e-01 -1.003592028884874310e-01
1.143369999999999942e-01 -1.164692028884874997e-01
1.143590000000000023e-01 -1.261092028884873706e-01
1.143809999999999966e-01 -1.223192028884874105e-01
1.144030000000000047e-01 -1.184092028884875525e-01
1.144249999999999989e-01 -1.254092028884874477e-01
1.144460000000000061e-01 -1.355292028884875766e-01
1.144680000000000003e-01 -1.345892028884874136e-01
1.144899999999999946e-01 -1.248592028884873972e-01
1.145120000000000027e-01 -1.165592028884874232e-01
1.145339999999999969e-01 -1.031392028884874357e-01
1.145560000000000050e-01 -8.049920288848744221e-02
1.145779999999999993e-01 -6.889920288848738750e-02
1.145999999999999935e-01 -8.491920288848753273e-02
1.146220000000000017e-01 -1.116492028884874532e-01
1.146439999999999959e-01 -1.211492028884875172e-01
1.146650000000000030e-01 -1.079492028884874166e-01
1.146869999999999973e-01 -9.147920288848743198e-02
1.147090000000000054e-01 -9.484920288848752712e-02
1.147309999999999997e-01 -1.090092028884874775e-01
1.147529999999999939e-01 -1.139392028884875785e-01
1.147750000000000020e-01 -1.044792028884875545e-01
1.147969999999999963e-01 -8.331920288848748690e-02
1.148190000000000044e-01 -6.464920288848752250e-02
1.148409999999999986e-01 -5.881920288848752065e-02
1.148620000000000058e-01 -5.384920288848737968e-02
1.148840000000000000e-01 -3.280920288848743205e-02
1.149059999999999943e-01 -3.379202888487586875e-03
1.149280000000000024e-01 1.282079711151240531e-02
1.149499999999999966e-01 1.432079711151246215e-02
1.149720000000000047e-01 3.194079711151243117e-02
1.149939999999999990e-01 7.768079711151232303e-02
1.150159999999999932e-01 1.180107971115127441e-01
1.150380000000000014e-01 1.320707971115124835e-01
1.150599999999999956e-01 1.422707971115126924e-01
1.150810000000000027e-01 1.621607971115124336e-01
1.151029999999999970e-01 1.761907971115124205e-01
1.151250000000000051e-01 1.860307971115124914e-01
1.151469999999999994e-01 1.923107971115123327e-01
1.151689999999999936e-01 1.850907971115125505e-01
1.151910000000000017e-01 1.808407971115126855e-01
1.152129999999999960e-01 1.928107971115124997e-01
1.152350000000000041e-01 2.049607971115126048e-01
1.152569999999999983e-01 1.977707971115125751e-01
1.152790000000000065e-01 1.711607971115123306e-01
1.152999999999999997e-01 1.483807971115123081e-01
1.153219999999999940e-01 1.471107971115124258e-01
1.153440000000000021e-01 1.589907971115125385e-01
1.153659999999999963e-01 1.667807971115125021e-01
1.153880000000000045e-01 1.629607971115123455e-01
1.154099999999999987e-01 1.540707971115127251e-01
1.154320000000000068e-01 1.465407971115126884e-01
1.154540000000000011e-01 1.408507971115127155e-01
1.154759999999999953e-01 1.312107971115126226e-01
1.154970000000000024e-01 1.145107971115124634e-01
1.155189999999999967e-01 9.437079711151241668e-02
1.155410000000000048e-01 8.267079711151259502e-02
1.155629999999999991e-01 8.936079711151245775e-02
1.155849999999999933e-01 1.009407971115123814e-01
1.156070000000000014e-01 1.029507971115126708e-01
1.156289999999999957e-01 1.028107971115126418e-01
1.156510000000000038e-01 1.115707971115127428e-01
1.156729999999999980e-01 1.212507971115126537e-01
1.156950000000000062e-01 1.137507971115123695e-01
1.157159999999999994e-01 8.937079711151252326e-02
1.157379999999999937e-01 7.883079711151230740e-02
1.157600000000000018e-01 9.698079711151263993e-02
1.157819999999999960e-01 1.162907971115125783e-01
1.158040000000000042e-01 1.170007971115123446e-01
1.158259999999999984e-01 1.115807971115123642e-01
1.158480000000000065e-01 1.178607971115126496e-01
1.158700000000000008e-01 1.354007971115125386e-01
1.158919999999999950e-01 1.575707971115125616e-01
1.159130000000000021e-01 1.848007971115124271e-01
1.159349999999999964e-01 1.913707971115123918e-01
1.159570000000000045e-01 1.602407971115127339e-01
1.159789999999999988e-01 1.165107971115126873e-01
1.160010000000000069e-01 9.459079711151252567e-02
1.160230000000000011e-01 9.240079711151238939e-02
1.160449999999999954e-01 8.655079711151270061e-02
1.160670000000000035e-01 7.964079711151272889e-02
1.160889999999999977e-01 7.591079711151271781e-02
1.161110000000000059e-01 6.189079711151235230e-02
1.161319999999999991e-01 4.506079711151267375e-02
1.161539999999999934e-01 4.304079711151231891e-02
1.161760000000000015e-01 4.992079711151253818e-02
1.161979999999999957e-01 5.507079711151252610e-02
1.162200000000000039e-01 5.185079711151230342e-02
1.162419999999999981e-01 3.818079711151245448e-02
1.162640000000000062e-01 2.408079711151245306e-02
1.162860000000000005e-01 2.544079711151248091e-02
1.163079999999999947e-01 2.500079711151270700e-02
1.163290000000000018e-01 -1.879202888487530032e-03
1.163509999999999961e-01 -3.905920288848752087e-02
1.163730000000000042e-01 -5.086920288848739702e-02
1.163949999999999985e-01 -4.451920288848754126e-02
1.164170000000000066e-01 -5.888920288848753515e-02
1.164390000000000008e-01 -7.869920288848741841e-02
1.164609999999999951e-01 -8.346920288848758140e-02
1.164830000000000032e-01 -7.496920288848740732e-02
1.165049999999999975e-01 -8.619920288848748058e-02
1.165270000000000056e-01 -6.952920288848751795e-02
1.165479999999999988e-01 -4.636920288848744853e-02
1.165699999999999931e-01 -6.722920288848754922e-02
1.165920000000000012e-01 -8.586920288848753913e-02
1.166139999999999954e-01 -9.365920288848750275e-02
1.166360000000000036e-01 -8.935920288848753223e-02
1.166579999999999978e-01 -7.662920288848740213e-02
1.166800000000000059e-01 -7.012920288848745187e-02
1.167020000000000002e-01 -5.777920288848736874e-02
1.167239999999999944e-01 -4.517920288848742416e-02
1.167450000000000015e-01 -6.722920288848754922e-02
1.167669999999999958e-01 -1.217692028884875821e-01
1.167890000000000039e-01 -1.633792028884875069e-01
1.168109999999999982e-01 -1.601092028884874008e-01
1.168330000000000063e-01 -1.293792028884874767e-01
1.168550000000000005e-01 -9.278920288848757636e-02
1.168769999999999948e-01 -5.959920288848752357e-02
1.168990000000000029e-01 -5.409920288848746317e-02
1.169209999999999972e-01 -7.072920288848738579e-02
1.169430000000000053e-01 -7.836920288848747695e-02
1.169639999999999985e-01 -5.271920288848752634e-02
1.169860000000000066e-01 -1.669920288848736334e-02
1.170080000000000009e-01 -1.201920288848734586e-02
1.170299999999999951e-01 -6.719202888487263436e-03
1.170520000000000033e-01 3.983079711151260582e-02
1.170739999999999975e-01 8.265079711151246400e-02
1.170960000000000056e-01 6.820079711151239010e-02
1.171179999999999999e-01 1.340079711151265229e-02
1.171399999999999941e-01 -3.761920288848741301e-02
1.171610000000000013e-01 -5.781920288848740874e-02
1.171829999999999955e-01 -6.214920288848757579e-02
1.172050000000000036e-01 -7.150920288848738871e-02
1.172269999999999979e-01 -8.115920288848754716e-02
1.172490000000000060e-01 -9.037920288848755312e-02
1.172710000000000002e-01 -1.080692028884875366e-01
1.172929999999999945e-01 -1.378392028884873888e-01
1.173150000000000026e-01 -1.702092028884873987e-01
1.173369999999999969e-01 -1.747692028884875182e-01
1.173590000000000050e-01 -1.410592028884873894e-01
1.173799999999999982e-01 -1.041792028884873655e-01
1.174020000000000064e-01 -9.091920288848753806e-02
1.174240000000000006e-01 -8.880920288848748179e-02
1.174459999999999948e-01 -8.139920288848756513e-02
1.174680000000000030e-01 -7.881920288848753842e-02
1.174899999999999972e-01 -9.420920288848755320e-02
1.175120000000000053e-01 -1.086892028884873795e-01
1.175339999999999996e-01 -1.009792028884874959e-01
1.175559999999999938e-01 -8.872920288848740178e-02
1.175780000000000020e-01 -9.714920288848749585e-02
1.175989999999999952e-01 -1.204092028884875543e-01
1.176210000000000033e-01 -1.362192028884874340e-01
1.176429999999999976e-01 -1.373492028884875094e-01
1.176650000000000057e-01 -1.312492028884875150e-01
1.176869999999999999e-01 -1.174692028884873896e-01
1.177089999999999942e-01 -9.360920288848739723e-02
1.177310000000000023e-01 -7.570920288848737023e-02
1.177529999999999966e-01 -8.157920288848741208e-02
1.177750000000000047e-01 -9.163920288848736995e-02
1.177959999999999979e-01 -7.665920288848737663e-02
1.178180000000000061e-01 -4.576920288848751461e-02
1.178400000000000003e-01 -2.445920288848757451e-02
1.178619999999999945e-01 -2.416920288848745102e-02
1.178840000000000027e-01 -2.629920288848741627e-02
1.179059999999999969e-01 -1.620920288848726187e-02
1.179280000000000050e-01 -2.092028884876917516e-04
1.179499999999999993e-01 2.478079711151259801e-02
1.179719999999999935e-01 5.469079711151270118e-02
1.179940000000000017e-01 7.061079711151263538e-02
1.180149999999999949e-01 7.249079711151251715e-02
1.180370000000000030e-01 7.958079711151233582e-02
1.180589999999999973e-01 9.691079711151262543e-02
1.180810000000000054e-01 1.042907971115125676e-01
1.181029999999999996e-01 8.167079711151270516e-02
1.181249999999999939e-01 5.365079711151254926e-02
1.181470000000000020e-01 5.491079711151236609e-02
1.181689999999999963e-01 6.749079711151262373e-02
1.181910000000000044e-01 5.828079711151268327e-02
1.182119999999999976e-01 4.439079711151272534e-02
1.182340000000000058e-01 5.483079711151273017e-02
1.182560000000000000e-01 7.063079711151232232e-02
1.182779999999999943e-01 7.172079711151235770e-02
1.183000000000000024e-01 6.285079711151242421e-02
1.183219999999999966e-01 5.286079711151270288e-02
1.183440000000000047e-01 5.268079711151241185e-02
1.183659999999999990e-01 6.076079711151249896e-02
1.183879999999999932e-01 6.895079711151241852e-02
1.184100000000000014e-01 7.160079711151245974e-02
1.184309999999999946e-01 6.255079711151267929e-02
1.184530000000000027e-01 5.352079711151258579e-02
1.184749999999999970e-01 6.253079711151254827e-02
1.184970000000000051e-01 8.532079711151263623e-02
1.185189999999999994e-01 1.045607971115125601e-01
1.185409999999999936e-01 1.114007971115125173e-01
1.185630000000000017e-01 1.135107971115125736e-01
1.185849999999999960e-01 1.192707971115125609e-01
1.186070000000000041e-01 1.235907971115124404e-01
1.186279999999999973e-01 1.185407971115126635e-01
1.186500000000000055e-01 1.065007971115123908e-01
1.186719999999999997e-01 9.313079711151273088e-02
1.186939999999999940e-01 9.205079711151231692e-02
1.187160000000000021e-01 1.060207971115123549e-01
1.187379999999999963e-01 1.072707971115125503e-01
1.187600000000000044e-01 9.433079711151259872e-02
1.187819999999999987e-01 1.011307971115127380e-01
1.188040000000000068e-01 1.283107971115127199e-01
1.188260000000000011e-01 1.483407971115124901e-01
1.188469999999999943e-01 1.539507971115123830e-01
1.188690000000000024e-01 1.504807971115127430e-01
1.188909999999999967e-01 1.575307971115127437e-01
1.189130000000000048e-01 1.930007971115124121e-01
1.189349999999999991e-01 2.341007971115125486e-01
1.189569999999999933e-01 2.445107971115123568e-01
1.189790000000000014e-01 2.207107971115123135e-01
1.190009999999999957e-01 1.844107971115125366e-01
1.190230000000000038e-01 1.425407971115126848e-01
1.190439999999999970e-01 9.758079711151257385e-02
1.190660000000000052e-01 7.250079711151258266e-02
1.190879999999999994e-01 6.875079711151244055e-02
1.191099999999999937e-01 7.222079711151252468e-02
1.191320000000000018e-01 8.003079711151261932e-02
1.191539999999999960e-01 9.024079711151244965e-02
1.191760000000000042e-01 9.006079711151260270e-02
1.191979999999999984e-01 8.034079711151242975e-02
1.192200000000000065e-01 7.619079711151233170e-02
1.192420000000000008e-01 6.854079711151239707e-02
1.192629999999999940e-01 4.541079711151230214e-02
1.192850000000000021e-01 2.719079711151239920e-02
1.193069999999999964e-01 2.675079711151262529e-02
1.193290000000000045e-01 3.419079711151251644e-02
1.193509999999999988e-01 5.202079711151252894e-02
1.193730000000000069e-01 6.887079711151233852e-02
1.193950000000000011e-01 5.935079711151258763e-02
1.194169999999999954e-01 3.600079711151238371e-02
1.194390000000000035e-01 3.476079711151269791e-02
1.194609999999999977e-01 3.970079711151264235e-02
1.194820000000000049e-01 1.675079711151239437e-02
1.195039999999999991e-01 -2.036920288848742544e-02
1.195259999999999934e-01 -3.232920288848739609e-02
1.195480000000000015e-01 -2.363920288848753160e-02
1.195699999999999957e-01 -3.872920288848757941e-02
1.195920000000000039e-01 -6.341920288848745813e-02
1.196139999999999981e-01 -7.334920288848745251e-02
1.196360000000000062e-01 -7.194920288848738466e-02
1.196580000000000005e-01 -9.066920288848745457e-02
1.196789999999999937e-01 -7.042920288848741883e-02
1.197010000000000018e-01 -2.930920288848737343e-02
1.197229999999999961e-01 -2.623920288848746729e-02
1.197450000000000042e-01 -1.840920288848746367e-02
1.197669999999999985e-01 3.130797111512428899e-03
1.197890000000000066e-01 2.616079711151231280e-02
1.198110000000000008e-01 4.039079711151272178e-02
1.198329999999999951e-01 3.321079711151231351e-02
1.198550000000000032e-01 2.851079711151260909e-02
1.198769999999999974e-01 4.312079711151239891e-02
1.198980000000000046e-01 4.532079711151260071e-02
1.199199999999999988e-01 2.696079711151266878e-02
1.199419999999999931e-01 5.820797111512732158e-03
1.199640000000000012e-01 -1.429920288848762766e-02
1.199859999999999954e-01 -3.163920288848753870e-02
1.200080000000000036e-01 -3.956920288848753131e-02
1.200299999999999978e-01 -3.655920288848757416e-02
1.200520000000000059e-01 -4.353920288848756037e-02
1.200740000000000002e-01 -6.585920288848745585e-02
1.200949999999999934e-01 -7.665920288848737663e-02
1.201170000000000015e-01 -5.204920288848757792e-02
1.201389999999999958e-01 -2.409920288848743652e-02
1.201610000000000039e-01 -4.927920288848741670e-02
1.201829999999999982e-01 -9.111920288848751603e-02
1.202050000000000063e-01 -8.560920288848739013e-02
1.202270000000000005e-01 -5.834920288848755021e-02
1.202489999999999948e-01 -6.185920288848745230e-02
1.202710000000000029e-01 -9.289920288848740881e-02
1.202929999999999972e-01 -1.251392028884874552e-01
1.203140000000000043e-01 -1.452192028884875530e-01
1.203359999999999985e-01 -1.512892028884875728e-01
1.203580000000000066e-01 -1.460092028884873994e-01
1.203800000000000009e-01 -1.313392028884874385e-01
1.204019999999999951e-01 -1.124092028884875472e-01
1.204240000000000033e-01 -8.674920288848753103e-02
1.204459999999999975e-01 -5.625920288848740292e-02
1.204680000000000056e-01 -5.329920288848755128e-02
1.204899999999999999e-01 -8.016920288848750076e-02
1.205109999999999931e-01 -8.879920288848741627e-02
1.205330000000000013e-01 -7.070920288848747681e-02
1.205549999999999955e-01 -6.384920288848738856e-02
1.205770000000000036e-01 -7.862920288848740391e-02
1.205989999999999979e-01 -8.804920288848738785e-02
1.206210000000000060e-01 -8.538920288848750317e-02
1.206430000000000002e-01 -9.591920288848743148e-02
1.206649999999999945e-01 -1.107592028884873958e-01
1.206870000000000026e-01 -1.037492028884874351e-01
1.207089999999999969e-01 -9.519920288848737755e-02
1.207300000000000040e-01 -1.039092028884873731e-01
1.207519999999999982e-01 -1.156292028884875478e-01
1.207740000000000063e-01 -1.215892028884875131e-01
1.207960000000000006e-01 -1.255292028884875677e-01
1.208179999999999948e-01 -1.281992028884875179e-01
1.208400000000000030e-01 -1.262292028884874906e-01
1.208619999999999972e-01 -1.193092028884874534e-01
1.208840000000000053e-01 -1.088392028884874740e-01
1.209059999999999996e-01 -1.069492028884875268e-01
1.209270000000000067e-01 -1.257092028884874146e-01
1.209490000000000010e-01 -1.472592028884873727e-01
1.209709999999999952e-01 -1.425592028884874463e-01
1.209930000000000033e-01 -1.176192028884874841e-01
1.210149999999999976e-01 -1.086392028884874961e-01
1.210370000000000057e-01 -1.186192028884873739e-01
1.210589999999999999e-01 -1.246992028884874593e-01
1.210809999999999942e-01 -1.212892028884875462e-01
1.211030000000000023e-01 -1.128692028884874521e-01
1.211249999999999966e-01 -1.003392028884875220e-01
1.211460000000000037e-01 -8.747920288848742842e-02
1.211679999999999979e-01 -8.155920288848750310e-02
1.211900000000000061e-01 -7.692920288848736909e-02
1.212120000000000003e-01 -6.697920288848746573e-02
1.212339999999999945e-01 -5.867920288848749166e-02
1.212560000000000027e-01 -5.891920288848750964e-02
1.212779999999999969e-01 -4.520920288848739865e-02
1.213000000000000050e-01 1.660797111512568591e-03
1.213219999999999993e-01 4.848079711151243032e-02
1.213430000000000064e-01 6.252079711151248276e-02
1.213650000000000007e-01 7.089079711151269336e-02
1.213869999999999949e-01 9.969079711151263012e-02
1.214090000000000030e-01 1.245907971115123303e-01
1.214309999999999973e-01 1.348107971115126702e-01
1.214530000000000054e-01 1.461007971115124704e-01
1.214749999999999996e-01 1.595707971115123414e-01
1.214969999999999939e-01 1.676007971115125450e-01
1.215190000000000020e-01 1.711007971115123816e-01
1.215409999999999963e-01 1.748207971115123271e-01
1.215620000000000034e-01 1.682107971115125444e-01
1.215839999999999976e-01 1.416207971115124309e-01
1.216060000000000058e-01 1.189707971115123719e-01
1.216280000000000000e-01 1.249407971115124028e-01
1.216499999999999942e-01 1.441507971115125741e-01
1.216720000000000024e-01 1.463207971115125794e-01
1.216939999999999966e-01 1.338307971115124673e-01
1.217160000000000047e-01 1.312207971115126881e-01
1.217379999999999990e-01 1.383307971115126378e-01
1.217599999999999932e-01 1.411307971115123294e-01
1.217810000000000004e-01 1.371607971115125224e-01
1.218029999999999946e-01 1.282207971115125744e-01
1.218250000000000027e-01 1.144707971115126455e-01
1.218469999999999970e-01 1.087407971115124106e-01
1.218690000000000051e-01 1.214107971115123696e-01
1.218909999999999993e-01 1.345307971115126122e-01
1.219129999999999936e-01 1.337707971115125183e-01
1.219350000000000017e-01 1.343907971115125832e-01
1.219569999999999960e-01 1.500607971115126560e-01
1.219780000000000031e-01 1.680607971115124499e-01
1.219999999999999973e-01 1.674707971115125815e-01
1.220220000000000055e-01 1.417507971115123944e-01
1.220439999999999997e-01 1.189207971115124884e-01
1.220659999999999940e-01 1.232207971115126810e-01
1.220880000000000021e-01 1.312707971115125716e-01
1.221099999999999963e-01 1.154307971115127174e-01
1.221320000000000044e-01 8.860079711151236381e-02
1.221539999999999987e-01 8.180079711151266864e-02
1.221760000000000068e-01 9.711079711151260341e-02
1.221970000000000001e-01 1.167307971115123522e-01
1.222189999999999943e-01 1.385407971115126813e-01
1.222410000000000024e-01 1.572107971115124236e-01
1.222629999999999967e-01 1.686607971115123839e-01
1.222850000000000048e-01 1.729807971115127074e-01
1.223069999999999991e-01 1.705007971115124477e-01
1.223289999999999933e-01 1.613407971115123907e-01
1.223510000000000014e-01 1.442307971115126541e-01
1.223729999999999957e-01 1.234607971115124769e-01
1.223940000000000028e-01 9.880079711151257271e-02
1.224159999999999970e-01 6.581079711151271994e-02
1.224380000000000052e-01 3.816079711151232345e-02
1.224599999999999994e-01 2.955079711151231692e-02
1.224819999999999937e-01 3.255079711151243060e-02
1.225040000000000018e-01 3.776079711151236751e-02
1.225259999999999960e-01 3.222079711151248915e-02
1.225480000000000042e-01 1.510079711151268711e-02
1.225699999999999984e-01 3.460797111512370350e-03
1.225920000000000065e-01 9.890797111512306117e-03
1.226129999999999998e-01 2.328079711151254116e-02
1.226349999999999940e-01 2.430079711151256205e-02
1.226570000000000021e-01 8.080797111512438846e-03
1.226789999999999964e-01 -4.489202888487309195e-03
1.227010000000000045e-01 -7.892028884874946471e-04
1.227229999999999988e-01 -3.049202888487645424e-03
1.227450000000000069e-01 -1.547920288848736448e-02
1.227670000000000011e-01 -3.579920288848748022e-02
1.227889999999999954e-01 -4.646920288848743752e-02
1.228100000000000025e-01 -6.605920288848743382e-02
1.228319999999999967e-01 -5.595920288848743596e-02
1.228540000000000049e-01 -4.212920288848742700e-02
1.228759999999999991e-01 -6.543920288848736888e-02
1.228979999999999934e-01 -7.643920288848748967e-02
1.229200000000000015e-01 -7.401920288848740093e-02
1.229419999999999957e-01 -6.583920288848754687e-02
1.229640000000000039e-01 -5.787920288848757977e-02
1.229859999999999981e-01 -6.360920288848737059e-02
1.230080000000000062e-01 -6.656920288848744427e-02
1.230289999999999995e-01 -6.534920288848744541e-02
1.230509999999999937e-01 -9.145920288848752300e-02
1.230730000000000018e-01 -1.283392028884875469e-01
1.230949999999999961e-01 -1.273192028884875260e-01
1.231170000000000042e-01 -9.829920288848748022e-02
1.231389999999999985e-01 -7.354920288848743049e-02
1.231610000000000066e-01 -4.435920288848738124e-02
1.231830000000000008e-01 -4.419202888487294700e-03
1.232049999999999951e-01 1.412079711151248418e-02
1.232260000000000022e-01 2.790797111512421935e-03
1.232479999999999964e-01 -1.572920288848767001e-02
1.232700000000000046e-01 -2.230920288848747823e-02
1.232919999999999988e-01 -2.656920288848740874e-02
1.233139999999999931e-01 -4.353920288848756037e-02
1.233360000000000012e-01 -4.786920288848750538e-02
1.233579999999999954e-01 -2.384920288848757508e-02
1.233800000000000036e-01 -5.869202888487468073e-03
1.234019999999999978e-01 -2.039920288848739993e-02
1.234240000000000059e-01 -5.897920288848745862e-02
1.234449999999999992e-01 -9.494920288848751611e-02
1.234669999999999934e-01 -1.048492028884875360e-01
1.234890000000000015e-01 -1.123392028884875327e-01
1.235109999999999958e-01 -1.472692028884874382e-01
1.235330000000000039e-01 -1.788492028884873797e-01
1.235549999999999982e-01 -1.770692028884874869e-01
1.235770000000000063e-01 -1.689692028884874908e-01
1.235990000000000005e-01 -1.795892028884875646e-01
1.236209999999999948e-01 -2.012392028884875117e-01
1.236420000000000019e-01 -2.143892028884875067e-01
1.236639999999999961e-01 -1.940192028884875075e-01
1.236860000000000043e-01 -1.529892028884873856e-01
1.237079999999999985e-01 -1.404692028884875210e-01
1.237300000000000066e-01 -1.700092028884874207e-01
1.237520000000000009e-01 -2.068892028884874446e-01
1.237739999999999951e-01 -2.224492028884874628e-01
1.237960000000000033e-01 -2.230392028884875533e-01
1.238179999999999975e-01 -2.158092028884874836e-01
1.238400000000000056e-01 -1.980592028884875511e-01
1.238609999999999989e-01 -1.812592028884874029e-01
1.238829999999999931e-01 -1.716692028884874155e-01
1.239050000000000012e-01 -1.627792028884875730e-01
1.239269999999999955e-01 -1.544492028884874024e-01
1.239490000000000036e-01 -1.420492028884874358e-01
1.239709999999999979e-01 -1.174992028884875861e-01
1.239930000000000060e-01 -9.398920288848744420e-02
1.240150000000000002e-01 -8.456920288848746026e-02
1.240369999999999945e-01 -9.083920288848745805e-02
1.240580000000000016e-01 -1.194292028884875734e-01
1.240799999999999959e-01 -1.471392028884874748e-01
1.241020000000000040e-01 -1.360292028884875215e-01
1.241239999999999982e-01 -9.723920288848741933e-02
1.241460000000000063e-01 -7.035920288848740434e-02
1.241680000000000006e-01 -7.306920288848739453e-02
1.241899999999999948e-01 -8.275920288848737094e-02
1.242120000000000030e-01 -8.192920288848748456e-02
1.242339999999999972e-01 -7.631920288848736966e-02
1.242560000000000053e-01 -6.055920288848737343e-02
1.242769999999999986e-01 -3.580920288848754574e-02
1.242990000000000067e-01 -2.849920288848739602e-02
1.243210000000000010e-01 -4.591920288848738707e-02
1.243429999999999952e-01 -5.172920288848747994e-02
1.243650000000000033e-01 -2.580920288848753685e-02
1.243869999999999976e-01 -4.259202888487578775e-03
1.244090000000000057e-01 -1.927920288848739006e-02
1.244309999999999999e-01 -3.066920288848740128e-02
1.244529999999999942e-01 1.810797111512663093e-03
1.244750000000000023e-01 4.243079711151231947e-02
1.244959999999999956e-01 5.550079711151267858e-02
1.245180000000000037e-01 6.720079711151250024e-02
1.245399999999999979e-01 9.409079711151235870e-02
1.245620000000000061e-01 1.065107971115124563e-01
1.245840000000000003e-01 1.009307971115123159e-01
1.246059999999999945e-01 9.435079711151272974e-02
1.246280000000000027e-01 8.203079711151239906e-02
1.246499999999999969e-01 6.751079711151231066e-02
1.246720000000000050e-01 6.603079711151238484e-02
1.246929999999999983e-01 7.513079711151249285e-02
1.247150000000000064e-01 7.425079711151250095e-02
1.247370000000000007e-01 5.500079711151251161e-02
1.247589999999999949e-01 4.015079711151248176e-02
1.247810000000000030e-01 5.066079711151250109e-02
1.248029999999999973e-01 7.685079711151265869e-02
1.248250000000000054e-01 9.120079711151252155e-02
1.248469999999999996e-01 8.699079711151247452e-02
1.248689999999999939e-01 8.684079711151238001e-02
1.248910000000000020e-01 1.010907971115124759e-01
1.249119999999999953e-01 1.194007971115125244e-01
1.249340000000000034e-01 1.269407971115126266e-01
1.249559999999999976e-01 1.204507971115127418e-01
1.249780000000000058e-01 1.126707971115123996e-01
1.250000000000000000e-01 1.209107971115126468e-01
1.250219999999999942e-01 1.420707971115127144e-01
1.250439999999999885e-01 1.518107971115125743e-01
1.250660000000000105e-01 1.571507971115124747e-01
1.250880000000000047e-01 1.816207971115124664e-01
1.251089999999999980e-01 2.077107971115124130e-01
1.251309999999999922e-01 2.098807971115124182e-01
1.251529999999999865e-01 1.982707971115127421e-01
1.251750000000000085e-01 1.846007971115124491e-01
1.251970000000000027e-01 1.755307971115125376e-01
1.252189999999999970e-01 1.833807971115124502e-01
1.252409999999999912e-01 1.997207971115124714e-01
1.252630000000000132e-01 2.021607971115124691e-01
1.252850000000000075e-01 1.896707971115123570e-01
1.253070000000000017e-01 1.770807971115124779e-01
1.253279999999999950e-01 1.621207971115126156e-01
1.253499999999999892e-01 1.411907971115127225e-01
1.253720000000000112e-01 1.293907971115126898e-01
1.253940000000000055e-01 1.158707971115124913e-01
1.254159999999999997e-01 9.151079711151233198e-02
1.254379999999999939e-01 8.073079711151232019e-02
1.254599999999999882e-01 9.387079711151269379e-02
1.254820000000000102e-01 1.021107971115124968e-01
1.255040000000000044e-01 8.897079711151256731e-02
1.255249999999999977e-01 7.736079711151244709e-02
1.255469999999999919e-01 7.249079711151251715e-02
1.255689999999999862e-01 5.696079711151247338e-02
1.255910000000000082e-01 3.973079711151239479e-02
1.256130000000000024e-01 3.239079711151271468e-02
1.256349999999999967e-01 2.919079711151262302e-02
1.256569999999999909e-01 3.243079711151253264e-02
1.256790000000000129e-01 3.498079711151236282e-02
1.257010000000000072e-01 1.925079711151234108e-02
1.257230000000000014e-01 -7.469202888487291858e-03
1.257439999999999947e-01 -1.056920288848761658e-02
1.257659999999999889e-01 2.060797111512524538e-03
1.257880000000000109e-01 -1.419202888487625103e-03
1.258100000000000052e-01 -1.657920288848746537e-02
1.258319999999999994e-01 -2.522920288848751191e-02
1.258539999999999937e-01 -4.006920288848747624e-02
1.258759999999999879e-01 -7.068920288848756783e-02
1.258980000000000099e-01 -7.868920288848757494e-02
1.259200000000000041e-01 -7.439920288848744789e-02
1.259419999999999984e-01 -8.765920288848749742e-02
1.259629999999999916e-01 -1.238292028884875329e-01
1.259850000000000136e-01 -1.064692028884874908e-01
1.260070000000000079e-01 -7.689920288848739460e-02
1.260290000000000021e-01 -1.116692028884875842e-01
1.260509999999999964e-01 -1.560892028884874883e-01
1.260729999999999906e-01 -1.703592028884874932e-01
1.260950000000000126e-01 -1.497992028884875815e-01
1.261170000000000069e-01 -1.276692028884873764e-01
1.261390000000000011e-01 -1.296992028884875747e-01
1.261599999999999944e-01 -1.245992028884874703e-01
1.261819999999999886e-01 -9.288920288848756535e-02
1.262040000000000106e-01 -6.969920288848752143e-02
1.262260000000000049e-01 -8.055920288848739119e-02
1.262479999999999991e-01 -9.692920288848738686e-02
1.262699999999999934e-01 -8.807920288848758439e-02
1.262919999999999876e-01 -6.404920288848736654e-02
1.263140000000000096e-01 -4.330920288848738586e-02
1.263360000000000039e-01 -2.307920288848741563e-02
1.263579999999999981e-01 -1.768920288848763178e-02
1.263789999999999913e-01 -4.449920288848741023e-02
1.264010000000000133e-01 -9.064920288848754559e-02
1.264230000000000076e-01 -1.196592028884875258e-01
1.264450000000000018e-01 -1.181592028884874690e-01
1.264669999999999961e-01 -1.214492028884874841e-01
1.264889999999999903e-01 -1.333092028884874658e-01
1.265110000000000123e-01 -1.238992028884875474e-01
1.265330000000000066e-01 -1.030392028884874467e-01
1.265550000000000008e-01 -9.916920288848740661e-02
1.265759999999999941e-01 -1.113492028884874863e-01
1.265979999999999883e-01 -1.256492028884874657e-01
1.266200000000000103e-01 -1.266992028884874610e-01
1.266420000000000046e-01 -1.131692028884874190e-01
1.266639999999999988e-01 -1.078292028884875187e-01
1.266859999999999931e-01 -1.216292028884875531e-01
1.267079999999999873e-01 -1.405192028884874045e-01
1.267300000000000093e-01 -1.476492028884874852e-01
1.267520000000000036e-01 -1.542792028884873989e-01
1.267739999999999978e-01 -1.759292028884875680e-01
1.267949999999999910e-01 -1.816692028884874244e-01
1.268170000000000130e-01 -1.458192028884874869e-01
1.268390000000000073e-01 -1.088592028884873830e-01
1.268610000000000015e-01 -1.053792028884874554e-01
1.268829999999999958e-01 -1.108792028884875158e-01
1.269049999999999900e-01 -9.850920288848752371e-02
1.269270000000000120e-01 -8.178920288848745557e-02
1.269490000000000063e-01 -8.875920288848737627e-02
1.269710000000000005e-01 -1.083492028884873726e-01
1.269919999999999938e-01 -1.065592028884874143e-01
1.270139999999999880e-01 -9.790920288848736774e-02
1.270360000000000100e-01 -1.124192028884873906e-01
1.270580000000000043e-01 -1.398392028884873906e-01
1.270799999999999985e-01 -1.531992028884874291e-01
1.271019999999999928e-01 -1.496092028884874470e-01
1.271239999999999870e-01 -1.427992028884874642e-01
1.271460000000000090e-01 -1.345992028884874792e-01
1.271680000000000033e-01 -1.315092028884874420e-01
1.271899999999999975e-01 -1.463892028884874463e-01
1.272109999999999908e-01 -1.813092028884875084e-01
1.272330000000000128e-01 -2.081992028884873669e-01
1.272550000000000070e-01 -1.962192028884874873e-01
1.272770000000000012e-01 -1.538892028884875085e-01
1.272989999999999955e-01 -1.061092028884875749e-01
1.273209999999999897e-01 -6.856920288848744605e-02
1.273430000000000117e-01 -4.107920288848743162e-02
1.273650000000000060e-01 -2.695920288848752122e-02
1.273870000000000002e-01 -3.011920288848757288e-02
1.274079999999999935e-01 -2.929920288848752996e-02
1.274299999999999877e-01 -4.909202888487396166e-03
1.274520000000000097e-01 3.561079711151249327e-02
1.274740000000000040e-01 8.230079711151239152e-02
1.274959999999999982e-01 1.397407971115125491e-01
1.275179999999999925e-01 1.990307971115123920e-01
1.275399999999999867e-01 2.282107971115125977e-01
1.275620000000000087e-01 2.172807971115124914e-01
1.275840000000000030e-01 2.059207971115126767e-01
1.276059999999999972e-01 2.092507971115127319e-01
1.276269999999999905e-01 1.933907971115123026e-01
1.276490000000000125e-01 1.563207971115123662e-01
1.276710000000000067e-01 1.373707971115125659e-01
1.276930000000000009e-01 1.405207971115123300e-01
1.277149999999999952e-01 1.310807971115126591e-01
1.277369999999999894e-01 1.157807971115123458e-01
1.277590000000000114e-01 1.150307971115123173e-01
1.277810000000000057e-01 1.120007971115124512e-01
1.278029999999999999e-01 1.010007971115123304e-01
1.278239999999999932e-01 1.030107971115126198e-01
1.278459999999999874e-01 1.219507971115123546e-01
1.278680000000000094e-01 1.310207971115127101e-01
1.278900000000000037e-01 1.173807971115126136e-01
1.279119999999999979e-01 1.090607971115127306e-01
1.279339999999999922e-01 1.282207971115125744e-01
1.279559999999999864e-01 1.523907971115123772e-01
1.279780000000000084e-01 1.498107971115123505e-01
1.280000000000000027e-01 1.298007971115127113e-01
1.280219999999999969e-01 1.243407971115124688e-01
1.280429999999999902e-01 1.345507971115127432e-01
1.280650000000000122e-01 1.401307971115124396e-01
1.280870000000000064e-01 1.319107971115123235e-01
1.281090000000000007e-01 1.131207971115126831e-01
1.281309999999999949e-01 9.005079711151253719e-02
1.281529999999999891e-01 8.106079711151270573e-02
1.281750000000000111e-01 9.527079711151253960e-02
1.281970000000000054e-01 1.021207971115125623e-01
1.282189999999999996e-01 8.634079711151265712e-02
1.282399999999999929e-01 7.776079711151240303e-02
1.282619999999999871e-01 9.496079711151272917e-02
1.282840000000000091e-01 1.220707971115126966e-01
1.283060000000000034e-01 1.431907971115125022e-01
1.283279999999999976e-01 1.555807971115124033e-01
1.283499999999999919e-01 1.666507971115125386e-01
1.283720000000000139e-01 1.775807971115126449e-01
1.283940000000000081e-01 1.764007971115124640e-01
1.284160000000000024e-01 1.580907971115124155e-01
1.284379999999999966e-01 1.339007971115124818e-01
1.284589999999999899e-01 1.183707971115124380e-01
1.284810000000000119e-01 1.080407971115127097e-01
1.285030000000000061e-01 9.486079711151251814e-02
1.285250000000000004e-01 8.272079711151247849e-02
1.285469999999999946e-01 6.502079711151242947e-02
1.285689999999999888e-01 4.675079711151264306e-02
1.285910000000000108e-01 4.424079711151263083e-02
1.286130000000000051e-01 6.186079711151259986e-02
1.286349999999999993e-01 7.771079711151251956e-02
1.286569999999999936e-01 7.533079711151247082e-02
1.286779999999999868e-01 7.600079711151241924e-02
1.287000000000000088e-01 8.198079711151251558e-02
1.287220000000000031e-01 6.450079711151257555e-02
1.287439999999999973e-01 3.318079711151256106e-02
1.287659999999999916e-01 2.084079711151254344e-02
1.287880000000000136e-01 2.568079711151272093e-02
1.288100000000000078e-01 2.970079711151241142e-02
1.288320000000000021e-01 2.240079711151254926e-02
1.288539999999999963e-01 -3.249202888487623397e-03
1.288749999999999896e-01 -3.775920288848744200e-02
1.288970000000000116e-01 -5.324920288848744576e-02
1.289190000000000058e-01 -4.744920288848741841e-02
1.289410000000000001e-01 -4.265920288848756847e-02
1.289629999999999943e-01 -5.476920288848741158e-02
1.289849999999999886e-01 -7.407920288848757195e-02
1.290070000000000106e-01 -8.597920288848737158e-02
1.290290000000000048e-01 -9.793920288848756428e-02
1.290509999999999990e-01 -1.016192028884874698e-01
1.290729999999999933e-01 -1.065892028884873888e-01
1.290939999999999865e-01 -1.127392028884874886e-01
1.291160000000000085e-01 -1.229492028884875410e-01
1.291380000000000028e-01 -8.546920288848758318e-02
1.291599999999999970e-01 -3.662920288848736661e-02
1.291819999999999913e-01 -3.118920288848747724e-02
1.292040000000000133e-01 -4.071920288848751568e-02
1.292260000000000075e-01 -5.736920288848756933e-02
1.292480000000000018e-01 -5.437920288848752115e-02
1.292699999999999960e-01 -3.599920288848745820e-02
1.292909999999999893e-01 -3.717920288848741706e-02
1.293130000000000113e-01 -3.796920288848748548e-02
1.293350000000000055e-01 -1.688920288848727580e-02
1.293569999999999998e-01 -9.719202888487377123e-03
1.293789999999999940e-01 -3.753920288848755504e-02
1.294009999999999883e-01 -6.448920288848758453e-02
1.294230000000000103e-01 -6.123920288848738736e-02
1.294450000000000045e-01 -4.839920288848742480e-02
1.294669999999999987e-01 -4.039920288848741770e-02
1.294889999999999930e-01 -3.677920288848746111e-02
1.295099999999999862e-01 -5.816920288848748122e-02
1.295320000000000082e-01 -9.784920288848741876e-02
1.295540000000000025e-01 -1.305992028884874756e-01
1.295759999999999967e-01 -1.436492028884874816e-01
1.295979999999999910e-01 -1.387692028884874862e-01
1.296200000000000130e-01 -1.283292028884874814e-01
1.296420000000000072e-01 -1.121292028884874892e-01
1.296640000000000015e-01 -7.827920288848755348e-02
1.296859999999999957e-01 -4.393920288848751632e-02
1.297069999999999890e-01 -4.942920288848751120e-02
1.297290000000000110e-01 -9.617920288848758048e-02
1.297510000000000052e-01 -1.475992028884873797e-01
1.297729999999999995e-01 -1.724492028884874184e-01
1.297949999999999937e-01 -1.717692028884874045e-01
1.298169999999999880e-01 -1.556092028884874523e-01
1.298390000000000100e-01 -1.239592028884874964e-01
1.298610000000000042e-01 -8.088920288848755469e-02
1.298829999999999985e-01 -4.638920288848757956e-02
1.299049999999999927e-01 -4.713920288848738593e-02
1.299260000000000137e-01 -8.230920288848753152e-02
1.299480000000000079e-01 -1.085792028884875471e-01
1.299700000000000022e-01 -9.760920288848740078e-02
1.299919999999999964e-01 -7.807920288848757551e-02
1.300139999999999907e-01 -8.458920288848736924e-02
1.300360000000000127e-01 -1.076492028884874497e-01
1.300580000000000069e-01 -1.128392028884874776e-01
1.300800000000000012e-01 -9.304920288848750332e-02
1.301019999999999954e-01 -7.877920288848749841e-02
1.301229999999999887e-01 -7.922920288848755987e-02
1.301450000000000107e-01 -7.918920288848751987e-02
1.301670000000000049e-01 -8.566920288848756115e-02
1.301889999999999992e-01 -1.067092028884875088e-01
1.302109999999999934e-01 -1.227592028884874065e-01
1.302329999999999877e-01 -1.148692028884874539e-01
1.302550000000000097e-01 -9.306920288848741230e-02
1.302770000000000039e-01 -7.453920288848747688e-02
1.302989999999999982e-01 -5.931920288848746559e-02
1.303209999999999924e-01 -4.812920288848743233e-02
1.303420000000000134e-01 -5.484920288848749159e-02
1.303640000000000077e-01 -7.888920288848755291e-02
1.303860000000000019e-01 -8.800920288848756989e-02
1.304079999999999961e-01 -6.411920288848738103e-02
1.304299999999999904e-01 -2.793920288848750211e-02
1.304520000000000124e-01 -4.089202888487353249e-03
1.304740000000000066e-01 -3.309202888487572380e-03
1.304960000000000009e-01 -1.324920288848741023e-02
1.305179999999999951e-01 -2.584920288848757686e-02
1.305389999999999884e-01 -4.247920288848749948e-02
1.305610000000000104e-01 -4.449920288848741023e-02
1.305830000000000046e-01 -2.134920288848740633e-02
1.306049999999999989e-01 4.250797111512660820e-03
1.306269999999999931e-01 1.477079711151230157e-02
1.306489999999999874e-01 2.937079711151246997e-02
1.306710000000000094e-01 6.027079711151239749e-02
1.306930000000000036e-01 8.327079711151252894e-02
1.307149999999999979e-01 7.926079711151245988e-02
1.307369999999999921e-01 7.572079711151236125e-02
1.307580000000000131e-01 9.571079711151231351e-02
1.307800000000000074e-01 1.078107971115125352e-01
1.308020000000000016e-01 8.845079711151271340e-02
1.308239999999999958e-01 7.466079711151252241e-02
1.308459999999999901e-01 9.057079711151239110e-02
1.308680000000000121e-01 1.094107971115123590e-01
1.308900000000000063e-01 1.298307971115124637e-01
1.309120000000000006e-01 1.593807971115124289e-01
1.309339999999999948e-01 1.737307971115127359e-01
1.309559999999999891e-01 1.640607971115124464e-01
1.309770000000000101e-01 1.505307971115126264e-01
1.309990000000000043e-01 1.487707971115126426e-01
1.310209999999999986e-01 1.440307971115126762e-01
1.310429999999999928e-01 1.190107971115126340e-01
1.310649999999999871e-01 9.810079711151242776e-02
1.310870000000000091e-01 1.096007971115127155e-01
1.311090000000000033e-01 1.376407971115125584e-01
1.311309999999999976e-01 1.490207971115125041e-01
1.311529999999999918e-01 1.355407971115125676e-01
1.311740000000000128e-01 1.183207971115125545e-01
1.311960000000000071e-01 1.196807971115125824e-01
1.312180000000000013e-01 1.338507971115125983e-01
1.312399999999999956e-01 1.316907971115126585e-01
1.312619999999999898e-01 1.084307971115126001e-01
1.312840000000000118e-01 8.501079711151238172e-02
1.313060000000000060e-01 7.591079711151271781e-02
1.313280000000000003e-01 8.130079711151250166e-02
1.313499999999999945e-01 8.280079711151255850e-02
1.313719999999999888e-01 7.542079711151261634e-02
1.313930000000000098e-01 7.984079711151270686e-02
1.314150000000000040e-01 1.031307971115125177e-01
1.314369999999999983e-01 1.294607971115127043e-01
1.314589999999999925e-01 1.483307971115124246e-01
1.314809999999999868e-01 1.634207971115126945e-01
1.315030000000000088e-01 1.842707971115125076e-01
1.315250000000000030e-01 2.041407971115125619e-01
1.315469999999999973e-01 2.026407971115125051e-01
1.315689999999999915e-01 1.713907971115125051e-01
1.315900000000000125e-01 1.261207971115125837e-01
1.316120000000000068e-01 9.169079711151262302e-02
1.316340000000000010e-01 7.278079711151264064e-02
1.316559999999999953e-01 6.838079711151268114e-02
1.316779999999999895e-01 8.798079711151274296e-02
1.317000000000000115e-01 1.071207971115124558e-01
1.317220000000000057e-01 1.004207971115125275e-01
1.317440000000000000e-01 8.768079711151255395e-02
1.317659999999999942e-01 9.253079711151235287e-02
1.317879999999999885e-01 9.248079711151246940e-02
1.318090000000000095e-01 6.797079711151265968e-02
1.318310000000000037e-01 4.662079711151267958e-02
1.318529999999999980e-01 4.089079711151244467e-02
1.318749999999999922e-01 3.193079711151236566e-02
1.318969999999999865e-01 1.940079711151243558e-02
1.319190000000000085e-01 1.303079711151244879e-02
1.319410000000000027e-01 9.800797111512604687e-03
1.319629999999999970e-01 -1.179202888487385081e-03
1.319849999999999912e-01 -2.711920288848745919e-02
1.320060000000000122e-01 -5.685920288848755888e-02
1.320280000000000065e-01 -7.740920288848740505e-02
1.320500000000000007e-01 -8.180920288848758659e-02
1.320719999999999950e-01 -7.553920288848736675e-02
1.320939999999999892e-01 -6.993920288848753941e-02
1.321160000000000112e-01 -7.005920288848743738e-02
1.321380000000000055e-01 -7.255920288848738409e-02
1.321599999999999997e-01 -7.671920288848754765e-02
1.321819999999999939e-01 -8.261920288848756400e-02
1.322039999999999882e-01 -6.948920288848747795e-02
1.322250000000000092e-01 -5.169920288848750545e-02
1.322470000000000034e-01 -3.945920288848747681e-02
1.322689999999999977e-01 -4.156920288848753309e-02
1.322909999999999919e-01 -2.409202888487449457e-03
1.323129999999999862e-01 4.141079711151274267e-02
1.323350000000000082e-01 2.577079711151242236e-02
1.323570000000000024e-01 -7.492028884876766881e-04
1.323789999999999967e-01 -1.524920288848763406e-02
1.324009999999999909e-01 -1.252920288848757835e-02
1.324220000000000119e-01 -4.459202888487556748e-03
1.324440000000000062e-01 -1.172920288848766646e-02
1.324660000000000004e-01 -1.005920288848738409e-02
1.324879999999999947e-01 1.401079711151265172e-02
1.325099999999999889e-01 1.911079711151231209e-02
1.325320000000000109e-01 -1.747920288848758830e-02
1.325540000000000052e-01 -7.553920288848736675e-02
1.325759999999999994e-01 -1.169592028884873791e-01
1.325979999999999936e-01 -1.135192028884874915e-01
1.326199999999999879e-01 -7.938920288848749784e-02
1.326410000000000089e-01 -4.190920288848754005e-02
1.326630000000000031e-01 -3.152920288848748420e-02
1.326849999999999974e-01 -5.035920288848738657e-02
1.327069999999999916e-01 -7.250920288848750062e-02
1.327290000000000136e-01 -8.185920288848747006e-02
1.327510000000000079e-01 -8.714920288848748697e-02
1.327730000000000021e-01 -9.805920288848746225e-02
1.327949999999999964e-01 -9.296920288848742331e-02
1.328169999999999906e-01 -5.724920288848744931e-02
1.328390000000000126e-01 -2.756920288848752065e-02
1.328600000000000059e-01 -4.340920288848737485e-02
1.328820000000000001e-01 -8.626920288848749507e-02
1.329039999999999944e-01 -1.186692028884874794e-01
1.329259999999999886e-01 -1.150992028884874063e-01
1.329480000000000106e-01 -9.120920288848743951e-02
1.329700000000000049e-01 -8.131920288848748513e-02
1.329919999999999991e-01 -8.063920288848747120e-02
1.330139999999999934e-01 -7.775920288848747752e-02
1.330359999999999876e-01 -8.542920288848754318e-02
1.330570000000000086e-01 -1.085792028884875471e-01
1.330790000000000028e-01 -1.375792028884874618e-01
1.331009999999999971e-01 -1.472192028884875548e-01
1.331229999999999913e-01 -1.186392028884875049e-01
1.331450000000000133e-01 -8.134920288848745962e-02
1.331670000000000076e-01 -6.477920288848748598e-02
1.331890000000000018e-01 -5.943920288848758560e-02
1.332109999999999961e-01 -5.311920288848748228e-02
1.332329999999999903e-01 -4.608920288848739055e-02
1.332550000000000123e-01 -4.513920288848738416e-02
1.332760000000000056e-01 -4.845920288848737378e-02
1.332979999999999998e-01 -4.214920288848755803e-02
1.333199999999999941e-01 -3.150920288848757522e-02
1.333419999999999883e-01 -3.029920288848741983e-02
1.333640000000000103e-01 -3.261920288848751959e-02
1.333860000000000046e-01 -3.540920288848736774e-02
1.334079999999999988e-01 -4.335920288848749138e-02
1.334299999999999931e-01 -4.438920288848757778e-02
1.334519999999999873e-01 -2.837920288848749806e-02
1.334730000000000083e-01 -2.959202888487499905e-03
1.334950000000000025e-01 1.333079711151263780e-02
1.335169999999999968e-01 3.020797111512596445e-03
1.335389999999999910e-01 -8.329202888487596823e-03
1.335610000000000130e-01 1.414079711151261520e-02
1.335830000000000073e-01 5.023079711151234861e-02
1.336050000000000015e-01 6.587079711151266892e-02
1.336269999999999958e-01 5.442079711151270871e-02
1.336489999999999900e-01 3.366079711151259701e-02
1.336710000000000120e-01 1.922079711151258863e-02
1.336920000000000053e-01 2.036079711151250748e-02
1.337139999999999995e-01 4.153079711151264064e-02
1.337359999999999938e-01 6.480079711151232047e-02
1.337579999999999880e-01 7.354079711151273457e-02
1.337800000000000100e-01 7.994079711151247380e-02
1.338020000000000043e-01 9.592079711151235699e-02
1.338239999999999985e-01 1.034307971115127067e-01
1.338459999999999928e-01 8.787079711151246642e-02
1.338679999999999870e-01 5.998079711151271809e-02
1.338890000000000080e-01 5.211079711151267446e-02
1.339110000000000023e-01 8.073079711151232019e-02
1.339329999999999965e-01 1.075607971115126738e-01
1.339549999999999907e-01 9.627079711151242947e-02
1.339770000000000127e-01 7.952079711151238683e-02
1.339990000000000070e-01 8.780079711151245192e-02
1.340210000000000012e-01 9.417079711151243870e-02
1.340429999999999955e-01 9.737079711151253036e-02
1.340649999999999897e-01 1.162707971115124472e-01
1.340870000000000117e-01 1.307207971115125211e-01
1.341080000000000050e-01 1.253307971115127373e-01
1.341299999999999992e-01 1.224607971115125871e-01
1.341519999999999935e-01 1.370707971115123769e-01
1.341739999999999877e-01 1.438107971115125672e-01
1.341960000000000097e-01 1.245607971115125778e-01
1.342180000000000040e-01 1.053707971115125375e-01
1.342399999999999982e-01 1.111807971115124083e-01
1.342619999999999925e-01 1.324007971115124249e-01
1.342839999999999867e-01 1.470207971115127243e-01
1.343050000000000077e-01 1.478407971115123232e-01
1.343270000000000020e-01 1.500107971115123284e-01
1.343489999999999962e-01 1.650307971115125838e-01
1.343709999999999904e-01 1.827607971115123853e-01
1.343930000000000125e-01 1.900107971115123640e-01
1.344150000000000067e-01 1.899807971115126115e-01
1.344370000000000009e-01 1.889707971115126561e-01
1.344589999999999952e-01 1.888707971115124451e-01
1.344809999999999894e-01 1.892707971115124010e-01
1.345030000000000114e-01 1.799807971115123806e-01
1.345240000000000047e-01 1.630807971115126875e-01
1.345459999999999989e-01 1.523907971115123772e-01
1.345679999999999932e-01 1.437607971115126837e-01
1.345899999999999874e-01 1.262907971115123651e-01
1.346120000000000094e-01 1.008107971115124180e-01
1.346340000000000037e-01 7.395079711151231194e-02
1.346559999999999979e-01 6.213079711151259232e-02
1.346779999999999922e-01 7.443079711151234790e-02
1.346999999999999864e-01 9.222079711151254244e-02
1.347210000000000074e-01 8.819079711151234235e-02
1.347430000000000017e-01 6.900079711151230200e-02
1.347649999999999959e-01 7.106079711151247480e-02
1.347869999999999902e-01 8.984079711151249370e-02
1.348090000000000122e-01 8.911079711151259630e-02
1.348310000000000064e-01 7.610079711151263027e-02
1.348530000000000006e-01 6.352079711151237262e-02
1.348749999999999949e-01 4.501079711151234619e-02
1.348969999999999891e-01 2.828079711151243458e-02
1.349190000000000111e-01 2.979079711151255694e-02
1.349400000000000044e-01 3.475079711151263240e-02
1.349619999999999986e-01 2.644079711151237078e-02
1.349839999999999929e-01 2.090079711151249242e-02
1.350059999999999871e-01 1.771079711151246627e-02
1.350280000000000091e-01 -5.079202888487621692e-03
1.350500000000000034e-01 -3.297920288848743553e-02
1.350719999999999976e-01 -3.954920288848740029e-02
1.350939999999999919e-01 -2.985920288848742388e-02
1.351160000000000139e-01 -2.182920288848744228e-02
1.351370000000000071e-01 -2.650920288848745976e-02
1.351590000000000014e-01 -4.326920288848756790e-02
1.351809999999999956e-01 -6.844920288848754808e-02
1.352029999999999899e-01 -8.033920288848750424e-02
1.352250000000000119e-01 -7.385920288848746296e-02
1.352470000000000061e-01 -7.471920288848754588e-02
1.352690000000000003e-01 -9.071920288848756009e-02
1.352909999999999946e-01 -8.806920288848751888e-02
1.353129999999999888e-01 -5.893920288848741862e-02
1.353350000000000108e-01 -4.219920288848744150e-02
1.353560000000000041e-01 -4.151920288848742757e-02
1.353779999999999983e-01 -4.561920288848742011e-02
1.353999999999999926e-01 -4.539920288848753316e-02
1.354219999999999868e-01 -6.367920288848738508e-02
1.354440000000000088e-01 -4.635920288848738302e-02
1.354660000000000031e-01 -1.487920288848743056e-02
1.354879999999999973e-01 -2.935920288848747894e-02
1.355099999999999916e-01 -5.729920288848755483e-02
1.355320000000000136e-01 -8.288920288848755646e-02
1.355540000000000078e-01 -8.731920288848749045e-02
1.355750000000000011e-01 -7.421920288848737890e-02
1.355969999999999953e-01 -7.253920288848747511e-02
1.356189999999999896e-01 -7.282920288848737655e-02
1.356410000000000116e-01 -5.712920288848755135e-02
1.356630000000000058e-01 -5.142920288848751298e-02
1.356850000000000001e-01 -6.867920288848750054e-02
1.357069999999999943e-01 -8.017920288848756627e-02
1.357289999999999885e-01 -7.117920288848744725e-02
1.357510000000000105e-01 -5.403920288848751419e-02
1.357720000000000038e-01 -4.020920288848750523e-02
1.357939999999999980e-01 -2.351920288848741158e-02
1.358159999999999923e-01 -1.412920288848740213e-02
1.358379999999999865e-01 -3.164920288848738217e-02
1.358600000000000085e-01 -6.424920288848756655e-02
1.358820000000000028e-01 -8.506920288848740519e-02
1.359039999999999970e-01 -9.312920288848758332e-02
1.359259999999999913e-01 -1.016292028884875354e-01
1.359480000000000133e-01 -1.034592028884875337e-01
1.359700000000000075e-01 -9.259920288848744185e-02
1.359910000000000008e-01 -7.652920288848741315e-02
1.360129999999999950e-01 -7.094920288848749479e-02
1.360349999999999893e-01 -8.197920288848736803e-02
1.360570000000000113e-01 -1.045992028884874525e-01
1.360790000000000055e-01 -1.154792028884874533e-01
1.361009999999999998e-01 -1.102192028884874109e-01
1.361229999999999940e-01 -1.080892028884874456e-01
1.361449999999999882e-01 -1.039392028884875696e-01
1.361670000000000103e-01 -8.816920288848750786e-02
1.361880000000000035e-01 -7.385920288848746296e-02
1.362099999999999977e-01 -7.929920288848757437e-02
1.362319999999999920e-01 -1.091792028884874810e-01
1.362539999999999862e-01 -1.314992028884873765e-01
1.362760000000000082e-01 -1.182492028884873925e-01
1.362980000000000025e-01 -1.004592028884874200e-01
1.363199999999999967e-01 -1.093492028884874845e-01
1.363419999999999910e-01 -1.268492028884875555e-01
1.363640000000000130e-01 -1.186292028884874394e-01
1.363860000000000072e-01 -8.615920288848744057e-02
1.364070000000000005e-01 -6.973920288848756144e-02
1.364289999999999947e-01 -8.408920288848742430e-02
1.364509999999999890e-01 -9.909920288848739212e-02
1.364730000000000110e-01 -9.976920288848756257e-02
1.364950000000000052e-01 -9.866920288848746168e-02
1.365169999999999995e-01 -9.598920288848744597e-02
1.365389999999999937e-01 -8.755920288848750843e-02
1.365609999999999880e-01 -8.816920288848750786e-02
1.365830000000000100e-01 -9.420920288848755320e-02
1.366040000000000032e-01 -7.967920288848739929e-02
1.366259999999999974e-01 -4.731920288848745493e-02
1.366479999999999917e-01 -3.403920288848749642e-02
1.366700000000000137e-01 -5.772920288848748527e-02
1.366920000000000079e-01 -7.946920288848757785e-02
1.367140000000000022e-01 -6.054920288848752996e-02
1.367359999999999964e-01 -1.856920288848762368e-02
1.367579999999999907e-01 1.047079711151255310e-02
1.367800000000000127e-01 1.209079711151250791e-02
1.368020000000000069e-01 3.160797111512625435e-03
1.368230000000000002e-01 -1.592028884873641914e-04
1.368449999999999944e-01 4.590797111512667783e-03
1.368669999999999887e-01 2.773079711151238413e-02
1.368890000000000107e-01 6.545079711151258195e-02
1.369110000000000049e-01 9.682079711151247992e-02
1.369329999999999992e-01 1.199907971115123928e-01
1.369549999999999934e-01 1.395707971115123236e-01
1.369769999999999877e-01 1.495507971115124235e-01
1.369990000000000097e-01 1.552907971115127239e-01
1.370200000000000029e-01 1.599307971115124793e-01
1.370419999999999972e-01 1.694007971115123468e-01
1.370639999999999914e-01 1.883507971115125912e-01
1.370860000000000134e-01 1.892607971115123355e-01
1.371080000000000076e-01 1.543207971115125865e-01
1.371300000000000019e-01 1.239107971115123163e-01
1.371519999999999961e-01 1.260307971115124381e-01
1.371739999999999904e-01 1.260407971115125036e-01
1.371960000000000124e-01 1.175007971115125116e-01
1.372180000000000066e-01 1.243507971115125343e-01
1.372389999999999999e-01 1.278507971115123709e-01
1.372609999999999941e-01 1.093807971115126065e-01
1.372829999999999884e-01 9.454079711151264220e-02
1.373050000000000104e-01 1.031207971115124522e-01
1.373270000000000046e-01 1.070907971115127033e-01
1.373489999999999989e-01 8.435079711151249882e-02
1.373709999999999931e-01 6.344079711151273671e-02
1.373929999999999874e-01 6.905079711151262956e-02
1.374150000000000094e-01 8.358079711151233937e-02
1.374370000000000036e-01 8.533079711151270175e-02
1.374579999999999969e-01 7.976079711151262686e-02
1.374799999999999911e-01 8.256079711151231848e-02
1.375020000000000131e-01 9.138079711151236850e-02
1.375240000000000073e-01 9.367079711151271582e-02
1.375460000000000016e-01 8.586079711151262117e-02
1.375679999999999958e-01 7.491079711151238385e-02
1.375899999999999901e-01 6.279079711151247523e-02
1.376120000000000121e-01 6.065079711151266650e-02
1.376340000000000063e-01 8.256079711151231848e-02
1.376549999999999996e-01 1.149207971115124849e-01
1.376769999999999938e-01 1.416907971115124454e-01
1.376989999999999881e-01 1.630707971115126220e-01
1.377210000000000101e-01 1.780307971115124843e-01
1.377430000000000043e-01 1.730007971115123944e-01
1.377649999999999986e-01 1.422707971115126924e-01
1.377869999999999928e-01 9.781079711151230427e-02
1.378089999999999871e-01 6.255079711151267929e-02
1.378310000000000091e-01 5.534079711151251857e-02
1.378530000000000033e-01 6.295079711151263524e-02
1.378739999999999966e-01 4.908079711151236424e-02
1.378959999999999908e-01 1.169079711151255196e-02
1.379180000000000128e-01 -4.939202888487592702e-03
1.379400000000000071e-01 1.431079711151239664e-02
1.379620000000000013e-01 3.465079711151242137e-02
1.379839999999999955e-01 4.083079711151249569e-02
1.380059999999999898e-01 4.109079711151242265e-02
1.380280000000000118e-01 3.987079711151242378e-02
1.380500000000000060e-01 4.202079711151274211e-02
1.380709999999999993e-01 6.352079711151237262e-02
1.380929999999999935e-01 9.059079711151252212e-02
1.381149999999999878e-01 9.559079711151241554e-02
1.381370000000000098e-01 8.812079711151232786e-02
1.381590000000000040e-01 7.474079711151260241e-02
1.381809999999999983e-01 4.222079711151272008e-02
1.382029999999999925e-01 4.630797111512485742e-03
1.382249999999999868e-01 -1.363920288848730067e-02
1.382470000000000088e-01 -1.616920288848744391e-02
1.382690000000000030e-01 -1.480920288848741606e-02
1.382899999999999963e-01 -2.540920288848758091e-02
1.383119999999999905e-01 -5.076920288848740803e-02
1.383340000000000125e-01 -5.834920288848755021e-02
1.383560000000000068e-01 -3.305920288848751554e-02
1.383780000000000010e-01 -1.501920288848745955e-02
1.383999999999999952e-01 -2.492920288848754495e-02
1.384219999999999895e-01 -4.210920288848751802e-02
1.384440000000000115e-01 -4.590920288848754360e-02
1.384660000000000057e-01 -4.426920288848745777e-02
1.384869999999999990e-01 -5.740920288848738728e-02
1.385089999999999932e-01 -6.266920288848742970e-02
1.385309999999999875e-01 -5.954920288848741805e-02
1.385530000000000095e-01 -6.194920288848737577e-02
1.385750000000000037e-01 -9.142920288848754851e-02
1.385969999999999980e-01 -8.985920288848747717e-02
1.386189999999999922e-01 -7.554920288848743226e-02
1.386409999999999865e-01 -9.757920288848742629e-02
1.386630000000000085e-01 -1.139692028884875530e-01
1.386850000000000027e-01 -1.148492028884875449e-01
1.387059999999999960e-01 -1.001692028884875185e-01
1.387279999999999902e-01 -8.389920288848751184e-02
1.387500000000000122e-01 -7.986920288848753380e-02
1.387720000000000065e-01 -6.648920288848758631e-02
1.387940000000000007e-01 -3.956920288848753131e-02
1.388159999999999950e-01 -4.087920288848745365e-02
1.388379999999999892e-01 -8.069920288848742018e-02
1.388600000000000112e-01 -1.101392028884875529e-01
1.388820000000000054e-01 -1.046892028884873760e-01
1.389029999999999987e-01 -9.166920288848756648e-02
1.389249999999999929e-01 -7.534920288848745429e-02
1.389469999999999872e-01 -5.192920288848745791e-02
1.389690000000000092e-01 -5.912920288848755312e-02
1.389910000000000034e-01 -9.203920288848754794e-02
1.390129999999999977e-01 -1.105992028884874578e-01
1.390349999999999919e-01 -1.081792028884873691e-01
1.390569999999999862e-01 -1.048792028884875105e-01
1.390790000000000082e-01 -1.228792028884875265e-01
1.391010000000000024e-01 -1.427692028884874897e-01
1.391219999999999957e-01 -1.283292028884874814e-01
1.391439999999999899e-01 -9.391920288848742970e-02
1.391660000000000119e-01 -7.419920288848746992e-02
1.391880000000000062e-01 -7.767920288848739752e-02
1.392100000000000004e-01 -1.019692028884875423e-01
1.392319999999999947e-01 -1.242792028884873723e-01
1.392539999999999889e-01 -1.308792028884875336e-01
1.392760000000000109e-01 -1.265492028884873665e-01
1.392980000000000051e-01 -1.118592028884874967e-01
1.393189999999999984e-01 -9.543920288848739553e-02
1.393409999999999926e-01 -9.584920288848741698e-02
1.393629999999999869e-01 -1.185392028884875160e-01
1.393850000000000089e-01 -1.442792028884873901e-01
1.394070000000000031e-01 -1.405892028884874190e-01
1.394289999999999974e-01 -1.027392028884874797e-01
1.394509999999999916e-01 -7.670920288848748214e-02
1.394730000000000136e-01 -9.090920288848747255e-02
1.394950000000000079e-01 -1.124592028884874306e-01
1.395170000000000021e-01 -1.131992028884873935e-01
1.395379999999999954e-01 -1.103392028884875309e-01
1.395599999999999896e-01 -1.195992028884875769e-01
1.395820000000000116e-01 -1.260392028884875781e-01
1.396040000000000059e-01 -1.227792028884875375e-01
1.396260000000000001e-01 -1.281892028884874524e-01
1.396479999999999944e-01 -1.439992028884875541e-01
1.396699999999999886e-01 -1.472292028884873982e-01
1.396920000000000106e-01 -1.266192028884873810e-01
1.397140000000000049e-01 -9.624920288848737293e-02
1.397359999999999991e-01 -7.090920288848745479e-02
1.397569999999999923e-01 -5.020920288848751412e-02
1.397789999999999866e-01 -3.071920288848750680e-02
1.398010000000000086e-01 -2.437920288848749450e-02
1.398230000000000028e-01 -4.426920288848745777e-02
1.398449999999999971e-01 -6.915920288848753650e-02
1.398669999999999913e-01 -6.924920288848745997e-02
1.398890000000000133e-01 -4.788920288848741436e-02
1.399110000000000076e-01 -2.767920288848757515e-02
1.399330000000000018e-01 -2.770920288848754964e-02
1.399539999999999951e-01 -3.966920288848752030e-02
1.399759999999999893e-01 -4.869920288848739176e-02
1.399980000000000113e-01 -5.348920288848746374e-02
1.400200000000000056e-01 -4.941920288848744569e-02
1.400419999999999998e-01 -3.652920288848737762e-02
1.400639999999999941e-01 -3.015920288848739084e-02
1.400859999999999883e-01 -3.983920288848752378e-02
1.401080000000000103e-01 -4.813920288848749784e-02
1.401300000000000046e-01 -3.768920288848742750e-02
1.401519999999999988e-01 -2.394920288848756407e-02
1.401729999999999920e-01 -3.053920288848743780e-02
1.401949999999999863e-01 -3.789920288848747099e-02
1.402170000000000083e-01 -1.852920288848736163e-02
1.402390000000000025e-01 2.480797111512611508e-03
1.402609999999999968e-01 -4.479202888487687773e-03
1.402829999999999910e-01 -1.060920288848743454e-02
1.403050000000000130e-01 1.070079711151272761e-02
1.403270000000000073e-01 3.336079711151240801e-02
1.403490000000000015e-01 4.916079711151244425e-02
1.403699999999999948e-01 7.020079711151261392e-02
1.403919999999999890e-01 8.573079711151265769e-02
1.404140000000000110e-01 9.263079711151256390e-02
1.404360000000000053e-01 1.061907971115125804e-01
1.404579999999999995e-01 1.300207971115123762e-01
1.404799999999999938e-01 1.444907971115125811e-01
1.405019999999999880e-01 1.378707971115127329e-01
1.405240000000000100e-01 1.311107971115124116e-01
1.405460000000000043e-01 1.442607971115124066e-01
1.405679999999999985e-01 1.651407971115124163e-01
1.405889999999999918e-01 1.724507971115123439e-01
1.406110000000000138e-01 1.682007971115124789e-01
1.406330000000000080e-01 1.727607971115125984e-01
1.406550000000000022e-01 1.868907971115123523e-01
1.406769999999999965e-01 1.913907971115125228e-01
1.406989999999999907e-01 1.814507971115126850e-01
1.407210000000000127e-01 1.671507971115127056e-01
1.407430000000000070e-01 1.519207971115124067e-01
1.407650000000000012e-01 1.445607971115125956e-01
1.407859999999999945e-01 1.516307971115127273e-01
1.408079999999999887e-01 1.542907971115123900e-01
1.408300000000000107e-01 1.417707971115125254e-01
1.408520000000000050e-01 1.292307971115125298e-01
1.408739999999999992e-01 1.253507971115124242e-01
1.408959999999999935e-01 1.178607971115126496e-01
1.409179999999999877e-01 9.527079711151253960e-02
1.409400000000000097e-01 6.115079711151238939e-02
1.409620000000000040e-01 4.567079711151267318e-02
1.409839999999999982e-01 6.503079711151249498e-02
1.410049999999999915e-01 8.268079711151266054e-02
1.410270000000000135e-01 6.886079711151271709e-02
1.410490000000000077e-01 4.861079711151239380e-02
1.410710000000000020e-01 5.116079711151266807e-02
1.410929999999999962e-01 5.859079711151249370e-02
1.411149999999999904e-01 5.522079711151262060e-02
1.411370000000000124e-01 6.113079711151270246e-02
1.411590000000000067e-01 6.749079711151262373e-02
1.411810000000000009e-01 5.655079711151245192e-02
1.412019999999999942e-01 4.285079711151240645e-02
1.412239999999999884e-01 4.011079711151266380e-02
1.412460000000000104e-01 3.743079711151242606e-02
1.412680000000000047e-01 3.002079711151273145e-02
1.412899999999999989e-01 3.017079711151238186e-02
1.413119999999999932e-01 2.848079711151241256e-02
1.413339999999999874e-01 5.760797111512339086e-03
1.413560000000000094e-01 -1.735920288848769033e-02
1.413780000000000037e-01 -1.761920288848761729e-02
1.413999999999999979e-01 -9.969202888487682657e-03
1.414209999999999912e-01 -1.479920288848735055e-02
1.414430000000000132e-01 -3.860920288848745940e-02
1.414650000000000074e-01 -6.678920288848755327e-02
1.414870000000000017e-01 -7.784920288848740100e-02
1.415089999999999959e-01 -6.239920288848743724e-02
1.415309999999999901e-01 -3.423920288848747440e-02
1.415530000000000121e-01 -1.829920288848763121e-02
1.415750000000000064e-01 -2.836920288848743255e-02
1.415970000000000006e-01 -4.160920288848757309e-02
1.416179999999999939e-01 -3.709920288848755909e-02
1.416399999999999881e-01 -3.622920288848741066e-02
1.416620000000000101e-01 -4.304920288848745891e-02
1.416840000000000044e-01 -5.399920288848747418e-02
1.417059999999999986e-01 -5.489920288848737506e-02
1.417279999999999929e-01 -6.266920288848742970e-02
1.417499999999999871e-01 -3.782920288848745649e-02
1.417720000000000091e-01 -1.394920288848755519e-02
1.417940000000000034e-01 -4.106920288848736611e-02
1.418159999999999976e-01 -6.782920288848748314e-02
1.418369999999999909e-01 -7.796920288848752101e-02
1.418590000000000129e-01 -6.250920288848749173e-02
1.418810000000000071e-01 -2.993920288848750388e-02
1.419030000000000014e-01 -2.100920288848739936e-02
1.419249999999999956e-01 -3.183920288848751667e-02
1.419469999999999898e-01 -3.099920288848756478e-02
1.419690000000000119e-01 -3.167920288848757870e-02
1.419910000000000061e-01 -4.907920288848743873e-02
1.420130000000000003e-01 -6.859920288848742054e-02
1.420349999999999946e-01 -7.212920288848745365e-02
1.420559999999999878e-01 -6.150920288848737982e-02
1.420780000000000098e-01 -3.912920288848753536e-02
1.421000000000000041e-01 -1.171920288848760094e-02
1.421219999999999983e-01 -1.217920288848750587e-02
1.421439999999999926e-01 -4.064920288848750118e-02
1.421659999999999868e-01 -7.591920288848741372e-02
1.421880000000000088e-01 -9.305920288848756883e-02
1.422100000000000031e-01 -8.029920288848746424e-02
1.422319999999999973e-01 -7.713920288848741258e-02
1.422529999999999906e-01 -9.890920288848747965e-02
1.422750000000000126e-01 -9.872920288848741066e-02
1.422970000000000068e-01 -6.757920288848739965e-02
1.423190000000000011e-01 -5.003920288848751063e-02
1.423409999999999953e-01 -7.003920288848752840e-02
1.423629999999999896e-01 -1.096092028884874114e-01
1.423850000000000116e-01 -1.223492028884873850e-01
1.424070000000000058e-01 -1.057192028884874624e-01
1.424290000000000000e-01 -9.766920288848757181e-02
1.424509999999999943e-01 -9.698920288848755789e-02
1.424719999999999875e-01 -8.407920288848758084e-02
1.424940000000000095e-01 -7.383920288848755398e-02
1.425160000000000038e-01 -9.302920288848737229e-02
1.425379999999999980e-01 -1.340192028884874542e-01
1.425599999999999923e-01 -1.577392028884874176e-01
1.425819999999999865e-01 -1.503792028884873844e-01
1.426040000000000085e-01 -1.379092028884874033e-01
1.426260000000000028e-01 -1.415392028884874254e-01
1.426479999999999970e-01 -1.545092028884875734e-01
1.426689999999999903e-01 -1.557392028884874158e-01
1.426910000000000123e-01 -1.414592028884875674e-01
1.427130000000000065e-01 -1.327292028884874409e-01
1.427350000000000008e-01 -1.320992028884875324e-01
1.427569999999999950e-01 -1.232092028884874679e-01
1.427789999999999893e-01 -1.129092028884874921e-01
1.428010000000000113e-01 -1.113792028884874608e-01
1.428230000000000055e-01 -1.103192028884873999e-01
1.428449999999999998e-01 -1.054892028884875099e-01
1.428669999999999940e-01 -1.005992028884874490e-01
1.428879999999999872e-01 -9.210920288848756243e-02
1.429100000000000092e-01 -7.362920288848751049e-02
1.429320000000000035e-01 -4.915920288848751873e-02
1.429539999999999977e-01 -3.922920288848752435e-02
1.429759999999999920e-01 -6.688920288848754225e-02
1.429979999999999862e-01 -1.082092028884875656e-01
1.430200000000000082e-01 -1.143992028884874834e-01
1.430420000000000025e-01 -8.345920288848751589e-02
1.430639999999999967e-01 -4.539920288848753316e-02
1.430849999999999900e-01 -2.412920288848741102e-02
1.431070000000000120e-01 -1.314920288848764329e-02
1.431290000000000062e-01 3.320797111512341360e-03
1.431510000000000005e-01 2.221079711151263680e-02
1.431729999999999947e-01 4.281079711151258849e-02
1.431949999999999890e-01 6.383079711151262714e-02
1.432170000000000110e-01 7.255079711151246613e-02
1.432390000000000052e-01 7.148079711151256177e-02
1.432609999999999995e-01 7.457079711151237689e-02
1.432829999999999937e-01 7.540079711151248532e-02
1.433039999999999869e-01 6.668079711151264632e-02
1.433260000000000089e-01 5.514079711151254060e-02
1.433480000000000032e-01 5.812079711151252326e-02
1.433699999999999974e-01 8.131079711151256717e-02
1.433919999999999917e-01 9.948079711151258664e-02
1.434140000000000137e-01 9.257079711151261492e-02
1.434360000000000079e-01 8.222079711151231152e-02
1.434580000000000022e-01 8.492079711151268029e-02
1.434799999999999964e-01 8.140079711151271269e-02
1.435009999999999897e-01 6.899079711151268057e-02
1.435230000000000117e-01 5.480079711151253363e-02
1.435450000000000059e-01 3.694079711151232459e-02
1.435670000000000002e-01 2.780079711151239863e-02
1.435889999999999944e-01 3.685079711151262316e-02
1.436109999999999887e-01 5.806079711151257428e-02
1.436330000000000107e-01 7.374079711151271255e-02
1.436550000000000049e-01 6.637079711151239181e-02
1.436769999999999992e-01 5.257079711151257939e-02
1.436989999999999934e-01 6.181079711151271638e-02
1.437199999999999867e-01 8.853079711151234932e-02
1.437420000000000087e-01 1.054307971115124865e-01
1.437640000000000029e-01 1.041607971115126041e-01
1.437859999999999971e-01 1.054607971115126830e-01
1.438079999999999914e-01 1.208607971115123192e-01
1.438300000000000134e-01 1.266007971115126196e-01
1.438520000000000076e-01 1.080807971115125277e-01
1.438740000000000019e-01 8.563079711151244666e-02
1.438959999999999961e-01 7.472079711151247139e-02
1.439179999999999904e-01 8.766079711151242293e-02
1.439390000000000114e-01 1.348007971115126047e-01
1.439610000000000056e-01 1.854907971115125065e-01
1.439829999999999999e-01 2.067707971115124721e-01
1.440049999999999941e-01 1.994707971115126099e-01
1.440269999999999884e-01 1.708407971115124546e-01
1.440490000000000104e-01 1.280707971115124799e-01
1.440710000000000046e-01 7.485079711151243487e-02
1.440929999999999989e-01 1.483079711151269464e-02
1.441149999999999931e-01 -2.165920288848743880e-02
1.441359999999999864e-01 -1.611920288848756044e-02
1.441580000000000084e-01 -2.799202888487339891e-03
1.441800000000000026e-01 -1.506920288848734302e-02
1.442019999999999968e-01 -3.246920288848742508e-02
1.442239999999999911e-01 -2.297920288848742665e-02
1.442460000000000131e-01 -5.379202888487366607e-03
1.442680000000000073e-01 -8.149202888487305785e-03
1.442900000000000016e-01 -1.398920288848737314e-02
1.443119999999999958e-01 -1.344920288848738821e-02
1.443339999999999901e-01 -1.391920288848735865e-02
1.443550000000000111e-01 -8.609202888487654803e-03
1.443770000000000053e-01 6.690797111512658546e-03
1.443989999999999996e-01 1.772079711151253179e-02
1.444209999999999938e-01 2.380079711151239508e-02
1.444429999999999881e-01 3.857079711151234491e-02
1.444650000000000101e-01 4.288079711151260298e-02
1.444870000000000043e-01 1.401079711151265172e-02
1.445089999999999986e-01 -1.987920288848732397e-02
1.445309999999999928e-01 -2.497920288848742842e-02
1.445520000000000138e-01 -8.219202888487320280e-03
1.445740000000000081e-01 1.308079711151233226e-02
1.445960000000000023e-01 2.758079711151273372e-02
1.446179999999999966e-01 2.833079711151231805e-02
1.446399999999999908e-01 2.259079711151246173e-02
1.446620000000000128e-01 3.470079711151230484e-02
1.446840000000000070e-01 5.583079711151262003e-02
1.447060000000000013e-01 5.243079711151255040e-02
1.447279999999999955e-01 2.473079711151271454e-02
1.447499999999999898e-01 8.730797111512700326e-03
1.447710000000000108e-01 1.037079711151234207e-02
1.447930000000000050e-01 -2.259202888487354954e-03
1.448149999999999993e-01 -1.828920288848756570e-02
1.448369999999999935e-01 -3.002920288848742736e-02
1.448589999999999878e-01 -4.177920288848757657e-02
1.448810000000000098e-01 -6.691920288848751674e-02
1.449030000000000040e-01 -4.309920288848756442e-02
1.449249999999999983e-01 -5.279202888487599665e-03
1.449469999999999925e-01 -2.099920288848755590e-02
1.449680000000000135e-01 -4.062920288848737016e-02
1.449900000000000078e-01 -4.269920288848738643e-02
1.450120000000000020e-01 -2.986920288848748939e-02
1.450339999999999963e-01 -1.747920288848758830e-02
1.450559999999999905e-01 -2.168920288848741329e-02
1.450780000000000125e-01 -1.553920288848731346e-02
1.451000000000000068e-01 1.950079711151264661e-02
1.451220000000000010e-01 4.357079711151268242e-02
1.451439999999999952e-01 3.102079711151262131e-02
1.451659999999999895e-01 1.298079711151256532e-02
1.451870000000000105e-01 1.763079711151238627e-02
1.452090000000000047e-01 3.285079711151261961e-02
1.452309999999999990e-01 4.854079711151237930e-02
1.452529999999999932e-01 6.597079711151243586e-02
1.452749999999999875e-01 5.523079711151268612e-02
1.452970000000000095e-01 1.349079711151235372e-02
1.453190000000000037e-01 -2.875920288848754502e-02
1.453409999999999980e-01 -5.695920288848754787e-02
1.453629999999999922e-01 -8.125920288848753614e-02
1.453840000000000132e-01 -1.123892028884874161e-01
1.454060000000000075e-01 -1.319692028884875690e-01
1.454280000000000017e-01 -1.155492028884874678e-01
1.454499999999999960e-01 -7.756920288848756506e-02
1.454719999999999902e-01 -6.972920288848749593e-02
1.454940000000000122e-01 -1.009592028884875869e-01
1.455160000000000065e-01 -1.304292028884874721e-01
1.455380000000000007e-01 -1.342392028884875632e-01
1.455599999999999949e-01 -1.286892028884873973e-01
1.455819999999999892e-01 -1.262092028884875816e-01
1.456030000000000102e-01 -1.180392028884875710e-01
1.456250000000000044e-01 -1.122492028884873871e-01
1.456469999999999987e-01 -1.233492028884874969e-01
1.456689999999999929e-01 -1.430292028884874167e-01
1.456909999999999872e-01 -1.647292028884874693e-01
1.457130000000000092e-01 -1.731192028884873668e-01
1.457350000000000034e-01 -1.521192028884874592e-01
1.457569999999999977e-01 -1.346992028884874681e-01
1.457789999999999919e-01 -1.499792028884874284e-01
1.458000000000000129e-01 -1.644392028884875678e-01
1.458220000000000072e-01 -1.464692028884875263e-01
1.458440000000000014e-01 -1.229692028884874500e-01
1.458659999999999957e-01 -1.282392028884875579e-01
1.458879999999999899e-01 -1.439392028884873831e-01
1.459100000000000119e-01 -1.420192028884874613e-01
1.459320000000000062e-01 -1.279692028884875654e-01
1.459540000000000004e-01 -1.128192028884875686e-01
1.459759999999999946e-01 -9.993920288848756606e-02
1.459979999999999889e-01 -9.692920288848738686e-02
1.460190000000000099e-01 -1.072392028884874282e-01
1.460410000000000041e-01 -1.167292028884874266e-01
1.460629999999999984e-01 -1.141392028884875565e-01
1.460849999999999926e-01 -1.042592028884874455e-01
1.461069999999999869e-01 -9.113920288848742501e-02
1.461290000000000089e-01 -8.640920288848752406e-02
1.461510000000000031e-01 -9.456920288848746914e-02
1.461729999999999974e-01 -8.717920288848746146e-02
1.461949999999999916e-01 -5.010920288848752513e-02
1.462160000000000126e-01 -1.475920288848753259e-02
1.462380000000000069e-01 -8.809202888487632777e-03
1.462600000000000011e-01 -3.079202888487397871e-03
1.462819999999999954e-01 2.761079711151248617e-02
1.463039999999999896e-01 5.576079711151260554e-02
1.463260000000000116e-01 6.126079711151266594e-02
1.463480000000000059e-01 5.824079711151242122e-02
1.463700000000000001e-01 5.698079711151260440e-02
1.463919999999999944e-01 5.807079711151263979e-02
1.464139999999999886e-01 7.384079711151247949e-02
1.464350000000000096e-01 1.034707971115125247e-01
1.464570000000000038e-01 1.206007971115123922e-01
1.464789999999999981e-01 1.136407971115125370e-01
1.465009999999999923e-01 1.096807971115123514e-01
1.465229999999999866e-01 1.263507971115123141e-01
1.465450000000000086e-01 1.390107971115126517e-01
1.465670000000000028e-01 1.258107971115123291e-01
1.465889999999999971e-01 1.085407971115124326e-01
1.466109999999999913e-01 1.111907971115124738e-01
1.466330000000000133e-01 1.224207971115123250e-01
1.466540000000000066e-01 1.321607971115126290e-01
1.466760000000000008e-01 1.373407971115123694e-01
1.466979999999999951e-01 1.326607971115123519e-01
1.467199999999999893e-01 1.230007971115125720e-01
1.467420000000000113e-01 1.174707971115123151e-01
1.467640000000000056e-01 1.191107971115124009e-01
1.467859999999999998e-01 1.134407971115125591e-01
1.468079999999999941e-01 8.844079711151264789e-02
1.468299999999999883e-01 6.762079711151258721e-02
1.468510000000000093e-01 7.409079711151234093e-02
1.468730000000000036e-01 9.148079711151257953e-02
1.468949999999999978e-01 9.546079711151245206e-02
1.469169999999999920e-01 9.309079711151246883e-02
1.469389999999999863e-01 9.908079711151263069e-02
1.469610000000000083e-01 1.043907971115123345e-01
1.469830000000000025e-01 9.833079711151260227e-02
1.470049999999999968e-01 8.712079711151243799e-02
1.470269999999999910e-01 8.052079711151272079e-02
1.470490000000000130e-01 7.641079711151244069e-02
1.470700000000000063e-01 8.344079711151231038e-02
1.470920000000000005e-01 1.162607971115123817e-01
1.471139999999999948e-01 1.543507971115123389e-01
1.471359999999999890e-01 1.755207971115124721e-01
1.471580000000000110e-01 1.958407971115123658e-01
1.471800000000000053e-01 2.336807971115124616e-01
1.472019999999999995e-01 2.711707971115124849e-01
1.472239999999999938e-01 2.802707971115125929e-01
1.472459999999999880e-01 2.640707971115126007e-01
1.472670000000000090e-01 2.510907971115123871e-01
1.472890000000000033e-01 2.480907971115127175e-01
1.473109999999999975e-01 2.304207971115124209e-01
1.473329999999999917e-01 1.819607971115124734e-01
1.473550000000000137e-01 1.242807971115125198e-01
1.473770000000000080e-01 9.525079711151240858e-02
1.473990000000000022e-01 9.498079711151241611e-02
1.474209999999999965e-01 9.709079711151247238e-02
1.474429999999999907e-01 9.479079711151250365e-02
1.474650000000000127e-01 8.078079711151264775e-02
1.474860000000000060e-01 5.366079711151261478e-02
1.475080000000000002e-01 3.636079711151252170e-02
1.475299999999999945e-01 4.622079711151272363e-02
1.475519999999999887e-01 5.783079711151239977e-02
1.475740000000000107e-01 4.848079711151243032e-02
1.475960000000000050e-01 3.673079711151272519e-02
1.476179999999999992e-01 3.467079711151255239e-02
1.476399999999999935e-01 3.046079711151250535e-02
1.476619999999999877e-01 2.202079711151272434e-02
1.476830000000000087e-01 1.869079711151266920e-02
1.477050000000000030e-01 2.485079711151261250e-02
1.477269999999999972e-01 3.503079711151269038e-02
1.477489999999999915e-01 2.954079711151269549e-02
1.477710000000000135e-01 2.660797111512458457e-03
1.477930000000000077e-01 -2.092920288848754140e-02
1.478150000000000019e-01 -1.892920288848731758e-02
1.478369999999999962e-01 -7.479202888487357370e-03
1.478589999999999904e-01 -7.749202888487349838e-03
1.478810000000000124e-01 -1.448920288848754012e-02
1.479020000000000057e-01 -4.889202888487265142e-03
1.479239999999999999e-01 1.667079711151231436e-02
1.479459999999999942e-01 1.100079711151247253e-02
1.479679999999999884e-01 -1.163920288848752094e-02
1.479900000000000104e-01 -2.618920288848758382e-02
1.480120000000000047e-01 -2.480920288848742494e-02
1.480339999999999989e-01 -4.426920288848745777e-02
1.480559999999999932e-01 -3.989920288848747276e-02
1.480779999999999874e-01 -2.451920288848752350e-02
1.480990000000000084e-01 -4.856920288848742828e-02
1.481210000000000027e-01 -7.180920288848757771e-02
1.481429999999999969e-01 -7.660920288848749315e-02
1.481649999999999912e-01 -5.343920288848758027e-02
1.481870000000000132e-01 -2.480920288848742494e-02
1.482090000000000074e-01 -3.119920288848754275e-02
1.482310000000000016e-01 -3.690920288848742459e-02
1.482529999999999959e-01 -8.659202888487538274e-03
1.482749999999999901e-01 4.970797111512492705e-03
1.482970000000000121e-01 -2.270920288848743418e-02
1.483180000000000054e-01 -5.282920288848758084e-02
1.483399999999999996e-01 -5.771920288848741976e-02
1.483619999999999939e-01 -5.085920288848755355e-02
1.483839999999999881e-01 -4.909920288848756975e-02
1.484060000000000101e-01 -5.092920288848756805e-02
1.484280000000000044e-01 -6.002920288848745400e-02
1.484499999999999986e-01 -7.184920288848739567e-02
1.484719999999999929e-01 -7.588920288848743922e-02
1.484939999999999871e-01 -6.128920288848749287e-02
1.485160000000000091e-01 -3.922920288848752435e-02
1.485370000000000024e-01 -4.754920288848740739e-02
1.485589999999999966e-01 -7.782920288848749202e-02
1.485809999999999909e-01 -8.604920288848738608e-02
1.486030000000000129e-01 -7.810920288848755000e-02
1.486250000000000071e-01 -9.056920288848746559e-02
1.486470000000000014e-01 -1.240392028884875764e-01
1.486689999999999956e-01 -1.546892028884874204e-01
1.486909999999999898e-01 -1.530492028884875566e-01
1.487130000000000118e-01 -1.332292028884873858e-01
1.487340000000000051e-01 -1.329892028884873678e-01
1.487559999999999993e-01 -1.425392028884875373e-01
1.487779999999999936e-01 -1.323792028884873684e-01
1.487999999999999878e-01 -1.144492028884873669e-01
1.488220000000000098e-01 -1.201992028884875108e-01
1.488440000000000041e-01 -1.414092028884874619e-01
1.488659999999999983e-01 -1.420292028884875268e-01
1.488879999999999926e-01 -1.183092028884875635e-01
1.489099999999999868e-01 -1.013392028884874119e-01
1.489320000000000088e-01 -1.005492028884875655e-01
1.489530000000000021e-01 -1.005592028884874090e-01
1.489749999999999963e-01 -9.917920288848747212e-02
1.489969999999999906e-01 -1.025392028884875018e-01
1.490190000000000126e-01 -1.143892028884874179e-01
1.490410000000000068e-01 -1.203792028884875798e-01
1.490630000000000011e-01 -1.072992028884873772e-01
1.490849999999999953e-01 -9.612920288848747497e-02
1.491069999999999895e-01 -1.007092028884875035e-01
1.491290000000000115e-01 -1.081492028884873946e-01
1.491500000000000048e-01 -1.122192028884874127e-01
1.491719999999999990e-01 -1.131392028884874446e-01
1.491939999999999933e-01 -1.070892028884875558e-01
1.492159999999999875e-01 -9.600920288848757700e-02
1.492380000000000095e-01 -8.647920288848753856e-02
1.492600000000000038e-01 -8.846920288848747482e-02
1.492819999999999980e-01 -1.143792028884875744e-01
1.493039999999999923e-01 -1.497392028884874104e-01
1.493259999999999865e-01 -1.611892028884873707e-01
1.493480000000000085e-01 -1.415692028884873999e-01
1.493690000000000018e-01 -1.115592028884875297e-01
1.493909999999999960e-01 -9.225920288848743489e-02
1.494129999999999903e-01 -8.331920288848748690e-02
1.494350000000000123e-01 -8.133920288848739411e-02
1.494570000000000065e-01 -8.145920288848751412e-02
1.494790000000000008e-01 -6.913920288848740547e-02
1.495009999999999950e-01 -4.654920288848751753e-02
1.495229999999999893e-01 -3.544920288848740775e-02
1.495450000000000113e-01 -3.987920288848756378e-02
1.495660000000000045e-01 -3.421920288848756542e-02
1.495879999999999987e-01 -1.756920288848728973e-02
1.496099999999999930e-01 -2.177920288848755881e-02
1.496319999999999872e-01 -4.408920288848738878e-02
1.496540000000000092e-01 -3.831920288848755796e-02
1.496760000000000035e-01 2.440797111512349460e-03
1.496979999999999977e-01 2.980079711151262245e-02
1.497199999999999920e-01 2.311079711151231564e-02
1.497419999999999862e-01 2.142079711151234633e-02
1.497640000000000082e-01 4.575079711151230910e-02
1.497850000000000015e-01 6.874079711151237504e-02
1.498069999999999957e-01 8.817079711151265542e-02
1.498289999999999900e-01 1.109007971115123503e-01
1.498510000000000120e-01 1.259807971115125547e-01
1.498730000000000062e-01 1.448307971115125881e-01
1.498950000000000005e-01 1.758907971115126756e-01
1.499169999999999947e-01 2.024507971115125926e-01
1.499389999999999890e-01 2.085307971115124559e-01
1.499610000000000110e-01 1.975007971115125827e-01
1.499820000000000042e-01 1.904107971115123199e-01
1.500039999999999984e-01 1.982907971115124290e-01
1.500259999999999927e-01 2.112507971115125116e-01
1.500479999999999869e-01 2.199107971115124016e-01
1.500700000000000089e-01 2.281707971115123357e-01
1.500920000000000032e-01 2.397907971115125214e-01
1.501139999999999974e-01 2.442407971115123644e-01
1.501359999999999917e-01 2.355507971115127219e-01
1.501580000000000137e-01 2.237807971115124417e-01
1.501800000000000079e-01 2.171507971115125279e-01
1.502010000000000012e-01 2.085107971115123249e-01
1.502229999999999954e-01 2.028407971115124830e-01
1.502449999999999897e-01 2.108207971115123591e-01
1.502670000000000117e-01 2.165807971115123465e-01
1.502890000000000059e-01 2.108907971115123736e-01
1.503110000000000002e-01 2.055507971115124732e-01
1.503329999999999944e-01 2.140107971115123853e-01
1.503549999999999887e-01 2.362407971115123573e-01
1.503770000000000107e-01 2.416907971115125342e-01
1.503980000000000039e-01 2.100507971115126438e-01
1.504199999999999982e-01 1.811407971115124305e-01
1.504419999999999924e-01 1.909207971115125524e-01
1.504639999999999866e-01 2.118107971115126276e-01
1.504860000000000086e-01 2.060407971115125747e-01
1.505080000000000029e-01 1.821407971115123203e-01
1.505299999999999971e-01 1.660207971115124082e-01
1.505519999999999914e-01 1.546107971115127100e-01
1.505740000000000134e-01 1.478407971115123232e-01
1.505960000000000076e-01 1.618607971115126887e-01
1.506170000000000009e-01 1.740907971115124298e-01
1.506389999999999951e-01 1.649807971115127003e-01
1.506609999999999894e-01 1.565507971115125407e-01
1.506830000000000114e-01 1.654107971115124087e-01
1.507050000000000056e-01 1.734307971115125468e-01
1.507269999999999999e-01 1.700707971115127393e-01
1.507489999999999941e-01 1.690707971115124053e-01
1.507709999999999884e-01 1.643207971115123733e-01
1.507930000000000104e-01 1.433507971115126622e-01
1.508150000000000046e-01 1.241307971115124253e-01
1.508359999999999979e-01 1.138407971115125150e-01
1.508579999999999921e-01 1.058307971115124424e-01
1.508799999999999863e-01 1.091907971115126941e-01
1.509020000000000084e-01 1.115607971115126773e-01
1.509240000000000026e-01 9.805079711151254429e-02
1.509459999999999968e-01 8.330079711151272548e-02
1.509679999999999911e-01 8.558079711151256319e-02
1.509900000000000131e-01 8.054079711151240772e-02
1.510120000000000073e-01 4.760079711151243842e-02
1.510330000000000006e-01 1.027079711151257513e-02
1.510549999999999948e-01 -5.169202888487323122e-03
1.510769999999999891e-01 -9.419202888487632208e-03
1.510990000000000111e-01 -2.454920288848749799e-02
1.511210000000000053e-01 -3.524920288848742977e-02
1.511429999999999996e-01 -4.658920288848755753e-02
1.511649999999999938e-01 -6.639920288848744079e-02
1.511869999999999881e-01 -1.061892028884874328e-01
1.512090000000000101e-01 -8.944920288848745571e-02
1.512310000000000043e-01 -3.470920288848744484e-02
1.512519999999999976e-01 -2.565920288848744235e-02
1.512739999999999918e-01 -3.343920288848756250e-02
1.512960000000000138e-01 -4.329920288848754240e-02
1.513180000000000081e-01 -4.820920288848751234e-02
1.513400000000000023e-01 -4.367920288848736732e-02
1.513619999999999965e-01 -4.379920288848748733e-02
1.513839999999999908e-01 -3.323920288848758453e-02
1.514060000000000128e-01 -1.569202888487275516e-03
1.514280000000000070e-01 1.324079711151249228e-02
1.514490000000000003e-01 -5.709202888487308059e-03
1.514709999999999945e-01 -3.391920288848737641e-02
1.514929999999999888e-01 -5.770920288848757629e-02
1.515150000000000108e-01 -7.219920288848746814e-02
1.515370000000000050e-01 -7.146920288848757075e-02
1.515589999999999993e-01 -6.035920288848739546e-02
1.515809999999999935e-01 -6.535920288848751092e-02
1.516029999999999878e-01 -9.465920288848739261e-02
1.516250000000000098e-01 -1.246692028884874848e-01
1.516470000000000040e-01 -1.299392028884873707e-01
1.516679999999999973e-01 -1.219292028884875201e-01
1.516899999999999915e-01 -1.300692028884875562e-01
1.517120000000000135e-01 -1.331592028884873713e-01
1.517340000000000078e-01 -1.060592028884874694e-01
1.517560000000000020e-01 -8.374920288848741734e-02
1.517779999999999963e-01 -1.109892028884875703e-01
1.517999999999999905e-01 -1.658892028884875192e-01
1.518220000000000125e-01 -1.922692028884873672e-01
1.518440000000000067e-01 -1.808892028884874215e-01
1.518650000000000000e-01 -1.780792028884874423e-01
1.518869999999999942e-01 -1.875492028884875317e-01
1.519089999999999885e-01 -1.705892028884874456e-01
1.519310000000000105e-01 -1.343392028884875522e-01
1.519530000000000047e-01 -1.118892028884874712e-01
1.519749999999999990e-01 -1.417492028884874689e-01
1.519969999999999932e-01 -2.159592028884875781e-01
1.520189999999999875e-01 -2.561192028884875516e-01
1.520410000000000095e-01 -2.292792028884875766e-01
1.520630000000000037e-01 -1.899992028884873729e-01
1.520839999999999970e-01 -1.802892028884874875e-01
1.521059999999999912e-01 -1.692592028884873923e-01
1.521280000000000132e-01 -1.337892028884875018e-01
1.521500000000000075e-01 -1.111792028884874828e-01
1.521720000000000017e-01 -1.283792028884875869e-01
1.521939999999999960e-01 -1.499392028884873884e-01
1.522159999999999902e-01 -1.468592028884874168e-01
1.522380000000000122e-01 -1.404892028884874300e-01
1.522600000000000064e-01 -1.471392028884874748e-01
1.522809999999999997e-01 -1.523492028884874117e-01
1.523029999999999939e-01 -1.465792028884875808e-01
1.523249999999999882e-01 -1.438492028884874596e-01
1.523470000000000102e-01 -1.448092028884875315e-01
1.523690000000000044e-01 -1.375092028884874473e-01
1.523909999999999987e-01 -1.347492028884875737e-01
1.524129999999999929e-01 -1.499492028884874539e-01
1.524349999999999872e-01 -1.682292028884875279e-01
1.524570000000000092e-01 -1.690392028884875053e-01
1.524790000000000034e-01 -1.538392028884874030e-01
1.524999999999999967e-01 -1.338992028884875563e-01
1.525219999999999909e-01 -1.191592028884875809e-01
1.525440000000000129e-01 -1.237492028884874529e-01
1.525660000000000072e-01 -1.337592028884875273e-01
1.525880000000000014e-01 -1.287892028884873863e-01
1.526099999999999957e-01 -1.192692028884874134e-01
1.526319999999999899e-01 -1.124492028884875872e-01
1.526540000000000119e-01 -9.954920288848745358e-02
1.526760000000000062e-01 -8.316920288848739240e-02
1.526969999999999994e-01 -7.308920288848752556e-02
1.527189999999999936e-01 -5.593920288848752698e-02
1.527409999999999879e-01 -2.482920288848755597e-02
1.527630000000000099e-01 -8.489202888487312748e-03
1.527850000000000041e-01 -2.144920288848739531e-02
1.528069999999999984e-01 -2.203920288848748577e-02
1.528289999999999926e-01 1.767079711151264831e-02
1.528509999999999869e-01 5.674079711151236438e-02
1.528730000000000089e-01 5.797079711151242876e-02
1.528950000000000031e-01 4.859079711151270686e-02
1.529159999999999964e-01 6.075079711151243345e-02
1.529379999999999906e-01 8.099079711151269123e-02
1.529600000000000126e-01 9.568079711151256106e-02
1.529820000000000069e-01 1.043507971115125166e-01
1.530040000000000011e-01 1.094707971115123080e-01
1.530259999999999954e-01 1.205907971115123267e-01
1.530479999999999896e-01 1.400107971115125416e-01
1.530700000000000116e-01 1.590307971115123564e-01
1.530920000000000059e-01 1.643407971115125044e-01
1.531129999999999991e-01 1.549407971115126514e-01
1.531349999999999933e-01 1.534007971115123325e-01
1.531569999999999876e-01 1.714107971115126361e-01
1.531790000000000096e-01 1.900707971115123129e-01
1.532010000000000038e-01 1.912207971115127414e-01
1.532229999999999981e-01 1.810507971115127290e-01
1.532449999999999923e-01 1.735307971115123138e-01
1.532669999999999866e-01 1.707407971115126877e-01
1.532890000000000086e-01 1.715507971115126651e-01
1.533110000000000028e-01 1.712407971115124106e-01
1.533319999999999961e-01 1.632007971115125855e-01
1.533539999999999903e-01 1.511707971115123783e-01
1.533760000000000123e-01 1.534407971115125946e-01
1.533980000000000066e-01 1.751307971115125817e-01
1.534200000000000008e-01 1.963607971115126638e-01
1.534419999999999951e-01 2.122407971115123360e-01
1.534639999999999893e-01 2.332707971115124401e-01
1.534860000000000113e-01 2.511007971115124526e-01
1.535080000000000056e-01 2.528007971115124874e-01
1.535299999999999998e-01 2.407907971115124113e-01
1.535509999999999931e-01 2.148907971115123772e-01
1.535729999999999873e-01 1.889407971115124596e-01
1.535950000000000093e-01 1.935307971115123316e-01
1.536170000000000035e-01 2.181507971115124178e-01
1.536389999999999978e-01 2.226007971115127049e-01
1.536609999999999920e-01 2.060907971115124582e-01
1.536829999999999863e-01 1.986807971115123195e-01
1.537050000000000083e-01 2.025707971115124906e-01
1.537270000000000025e-01 2.035207971115124970e-01
1.537479999999999958e-01 2.023607971115124471e-01
1.537699999999999900e-01 1.924307971115126747e-01
1.537920000000000120e-01 1.734007971115123503e-01
1.538140000000000063e-01 1.551307971115125639e-01
1.538360000000000005e-01 1.403507971115125486e-01
1.538579999999999948e-01 1.204607971115123632e-01
1.538799999999999890e-01 9.739079711151266139e-02
1.539020000000000110e-01 9.163079711151267404e-02
1.539240000000000053e-01 9.786079711151263183e-02
1.539459999999999995e-01 8.687079711151257655e-02
1.539669999999999928e-01 5.955079711151256561e-02
1.539889999999999870e-01 3.840079711151256348e-02
1.540110000000000090e-01 2.903079711151246300e-02
1.540330000000000032e-01 2.167079711151265187e-02
1.540549999999999975e-01 3.350797111512537896e-03
1.540769999999999917e-01 -1.926920288848732454e-02
1.540990000000000137e-01 -3.065920288848755781e-02
1.541210000000000080e-01 -3.083920288848740476e-02
1.541430000000000022e-01 -3.736920288848755156e-02
1.541639999999999955e-01 -5.470920288848746260e-02
1.541859999999999897e-01 -6.930920288848740896e-02
1.542080000000000117e-01 -6.819920288848746459e-02
1.542300000000000060e-01 -5.816920288848748122e-02
1.542520000000000002e-01 -6.336920288848757465e-02
1.542739999999999945e-01 -7.187920288848737016e-02
1.542959999999999887e-01 -7.047920288848752435e-02
1.543180000000000107e-01 -6.154920288848741983e-02
1.543400000000000050e-01 -8.138920288848749962e-02
1.543619999999999992e-01 -7.707920288848746360e-02
1.543829999999999925e-01 -5.643920288848747191e-02
1.544049999999999867e-01 -7.145920288848750523e-02
1.544270000000000087e-01 -8.836920288848748584e-02
1.544490000000000030e-01 -8.817920288848757338e-02
1.544709999999999972e-01 -6.298920288848752769e-02
1.544929999999999914e-01 -4.443920288848746125e-02
1.545150000000000134e-01 -6.908920288848752200e-02
1.545370000000000077e-01 -9.265920288848739084e-02
1.545590000000000019e-01 -8.044920288848755874e-02
1.545799999999999952e-01 -7.648920288848737314e-02
1.546019999999999894e-01 -1.055292028884875499e-01
1.546240000000000114e-01 -1.402992028884875175e-01
1.546460000000000057e-01 -1.633292028884874014e-01
1.546679999999999999e-01 -1.709792028884875581e-01
1.546899999999999942e-01 -1.602792028884874043e-01
1.547119999999999884e-01 -1.453792028884874910e-01
1.547340000000000104e-01 -1.483292028884874991e-01
1.547560000000000047e-01 -1.627592028884874420e-01
1.547779999999999989e-01 -1.770192028884873814e-01
1.547989999999999922e-01 -1.824192028884874528e-01
1.548209999999999864e-01 -1.815792028884875009e-01
1.548430000000000084e-01 -1.858792028884874714e-01
1.548650000000000027e-01 -1.850892028884874030e-01
1.548869999999999969e-01 -1.682392028884873714e-01
1.549089999999999911e-01 -1.440692028884875686e-01
1.549310000000000132e-01 -1.326392028884875174e-01
1.549530000000000074e-01 -1.441792028884874011e-01
1.549750000000000016e-01 -1.697192028884875192e-01
1.549959999999999949e-01 -1.806392028884875600e-01
1.550179999999999891e-01 -1.736292028884873773e-01
1.550400000000000111e-01 -1.661092028884874061e-01
1.550620000000000054e-01 -1.522992028884875282e-01
1.550839999999999996e-01 -1.263792028884875851e-01
1.551059999999999939e-01 -1.113092028884874463e-01
1.551279999999999881e-01 -1.304192028884874066e-01
1.551500000000000101e-01 -1.683492028884874259e-01
1.551720000000000044e-01 -1.793492028884875467e-01
1.551939999999999986e-01 -1.477992028884875797e-01
1.552149999999999919e-01 -1.135292028884875570e-01
1.552370000000000139e-01 -1.129192028884875576e-01
1.552590000000000081e-01 -1.267092028884875266e-01
1.552810000000000024e-01 -1.155492028884874678e-01
1.553029999999999966e-01 -9.482920288848739609e-02
1.553249999999999909e-01 -1.079792028884873911e-01
1.553470000000000129e-01 -1.354992028884873800e-01
1.553690000000000071e-01 -1.363992028884875030e-01
1.553910000000000013e-01 -1.299192028884874617e-01
1.554129999999999956e-01 -1.447692028884874915e-01
1.554339999999999888e-01 -1.612792028884875162e-01
1.554560000000000108e-01 -1.573692028884874361e-01
1.554780000000000051e-01 -1.484692028884875281e-01
1.554999999999999993e-01 -1.560892028884874883e-01
1.555219999999999936e-01 -1.642292028884875243e-01
1.555439999999999878e-01 -1.394292028884873691e-01
1.555660000000000098e-01 -1.010192028884875359e-01
1.555880000000000041e-01 -1.020592028884874658e-01
1.556099999999999983e-01 -1.308692028884874681e-01
1.556309999999999916e-01 -1.340492028884874287e-01
1.556530000000000136e-01 -1.125092028884875361e-01
1.556750000000000078e-01 -1.039692028884875441e-01
1.556970000000000021e-01 -1.217792028884874256e-01
1.557189999999999963e-01 -1.416292028884875709e-01
1.557409999999999906e-01 -1.482392028884875756e-01
1.557630000000000126e-01 -1.456992028884873669e-01
1.557850000000000068e-01 -1.252792028884874842e-01
1.558070000000000010e-01 -8.743920288848738842e-02
1.558289999999999953e-01 -5.912920288848755312e-02
1.558499999999999885e-01 -5.471920288848752811e-02
1.558720000000000105e-01 -4.822920288848742132e-02
1.558940000000000048e-01 -1.707920288848763235e-02
1.559159999999999990e-01 1.678079711151259090e-02
1.559379999999999933e-01 3.189079711151254770e-02
1.559599999999999875e-01 5.654079711151238641e-02
1.559820000000000095e-01 1.068407971115123978e-01
1.560040000000000038e-01 1.471507971115126878e-01
1.560259999999999980e-01 1.586107971115127135e-01
1.560469999999999913e-01 1.662607971115126482e-01
1.560690000000000133e-01 1.787207971115125638e-01
1.560910000000000075e-01 1.831807971115124722e-01
1.561130000000000018e-01 1.894707971115123790e-01
1.561349999999999960e-01 1.951407971115126649e-01
1.561569999999999903e-01 1.807307971115124090e-01
1.561790000000000123e-01 1.528707971115124131e-01
1.562010000000000065e-01 1.335907971115126713e-01
1.562230000000000008e-01 1.297607971115124492e-01
1.562449999999999950e-01 1.224407971115124560e-01
1.562659999999999882e-01 9.737079711151253036e-02
1.562880000000000102e-01 8.051079711151265528e-02
1.563100000000000045e-01 9.902079711151268171e-02
1.563319999999999987e-01 1.354007971115125386e-01
1.563539999999999930e-01 1.575807971115126271e-01
1.563759999999999872e-01 1.623007971115124626e-01
1.563980000000000092e-01 1.695607971115125068e-01
1.564200000000000035e-01 1.864007971115126949e-01
1.564419999999999977e-01 1.986007971115126836e-01
1.564629999999999910e-01 1.939007971115125351e-01
1.564850000000000130e-01 1.782007971115127098e-01
1.565070000000000072e-01 1.644407971115127154e-01
1.565290000000000015e-01 1.658307971115124957e-01
1.565509999999999957e-01 1.808307971115126200e-01
1.565729999999999900e-01 1.895007971115125756e-01
1.565950000000000120e-01 1.921607971115126823e-01
1.566170000000000062e-01 1.991307971115126030e-01
1.566390000000000005e-01 2.026607971115126361e-01
1.566609999999999947e-01 1.965307971115124452e-01
1.566819999999999879e-01 1.823707971115124948e-01
1.567040000000000100e-01 1.572407971115126202e-01
1.567260000000000042e-01 1.392107971115126297e-01
1.567479999999999984e-01 1.473807971115124182e-01
1.567699999999999927e-01 1.582407971115125100e-01
1.567919999999999869e-01 1.444107971115125011e-01
1.568140000000000089e-01 1.188407971115124084e-01
1.568360000000000032e-01 1.123507971115125237e-01
1.568579999999999974e-01 1.272907971115126990e-01
1.568789999999999907e-01 1.461407971115127324e-01
1.569010000000000127e-01 1.654707971115123577e-01
1.569230000000000069e-01 1.729807971115127074e-01
1.569450000000000012e-01 1.664607971115126261e-01
1.569669999999999954e-01 1.717207971115124465e-01
1.569889999999999897e-01 1.964807971115125618e-01
1.570110000000000117e-01 2.076907971115127260e-01
1.570330000000000059e-01 1.895407971115123935e-01
1.570550000000000002e-01 1.578407971115125541e-01
1.570769999999999944e-01 1.181007971115124455e-01
1.570979999999999877e-01 7.043079711151234434e-02
1.571200000000000097e-01 3.268079711151239408e-02
1.571420000000000039e-01 1.219079711151271894e-02
1.571639999999999981e-01 8.907971115124091455e-04
1.571859999999999924e-01 6.340797111512586071e-03
1.572079999999999866e-01 2.093079711151268896e-02
1.572300000000000086e-01 1.620079711151234392e-02
1.572520000000000029e-01 -5.599202888487475605e-03
1.572739999999999971e-01 -8.179202888487502321e-03
1.572949999999999904e-01 5.380797111512514164e-03
1.573170000000000124e-01 8.350797111512431314e-03
1.573390000000000066e-01 3.430797111512617903e-03
1.573610000000000009e-01 5.430797111512397635e-03
1.573829999999999951e-01 5.110797111512521695e-03
1.574049999999999894e-01 -1.415920288848759867e-02
1.574270000000000114e-01 -3.494920288848746281e-02
1.574490000000000056e-01 -6.001920288848738849e-02
1.574709999999999999e-01 -8.167920288848740107e-02
1.574929999999999941e-01 -1.076692028884875807e-01
1.575139999999999874e-01 -1.053692028884873899e-01
1.575360000000000094e-01 -1.083492028884873726e-01
1.575580000000000036e-01 -1.439592028884875141e-01
1.575799999999999979e-01 -1.693092028884874978e-01
1.576019999999999921e-01 -1.812792028884875339e-01
1.576239999999999863e-01 -1.669892028884873980e-01
